file,width,height,dtype,min,max,mean,saturated_255_fraction,sha256
frame_0.png,640,512,uint8,22,255,192.5760498046875,0.060986328125,f7aae5eb14da2ba5226ca7062fff2ddd0aafd24b366fcacb82817eaddde1a7c7
frame_1.png,640,512,uint8,49,255,163.83521423339843,0.0062591552734375,929da1f8c0ead597fad926e41268e000c2a78e04e512b6a8a69453a5e7a27443
frame_2.png,640,512,uint8,44,255,150.50059204101564,0.0046478271484375,ea37b968898e9a74580b841dbb6d30c0441bf5fbfc0bb603cd80f894e26996e9
frame_3.png,640,512,uint8,23,214,128.08176879882814,0.0,321aca0046728a37af3d0646d4280d2cd571818d3ae9579a94120fd213b9d995
frame_4.png,640,512,uint8,12,201,95.67391357421874,0.0,0733dbde27749540ef30e17a74786f3e0cf73e6ee5735dc34e32e1dff0aba5fc
frame_5.png,640,512,uint8,13,233,100.75369567871094,0.0,69249ec919f3d40f59c12d2cffc5ae2f40330d9f3cf901dc9dfb62a2f8bd2f2f
frame_6.png,640,512,uint8,0,247,113.15563354492187,0.0,72d5cdeb3f43dcf169af8297b792828367617c4888e9b46ef2f8fb269433bde4
frame_7.png,640,512,uint8,35,251,105.99981994628907,0.0,c76355f17074f84d76391648381ea2b9c09dc37e310a8393c3e8f6447a4a4248
frame_8.png,640,512,uint8,17,255,136.25001831054686,0.0005859375,e1cc92c5b039f27aae39c6ab71d0e71b43e63b6427852a1e3c92d9971f3a3f0b
frame_9.png,640,512,uint8,23,255,149.99105224609374,0.0007415771484375,04614509c1dc6bb53dc80ed63a6603c06f8a77f13bf277f74ff57a9edc5f6538
frame_10.png,640,512,uint8,21,255,131.22881469726562,0.00340576171875,1377ecaeb047c90d33012c4aeaa1e7a512ccf99497cb7445afd4c6f9c54d4d7a
frame_11.png,640,512,uint8,0,255,105.35440673828126,0.00081787109375,fb320761790b883428b41d8f2b9f0b448a33056fbbe24249a966bac66c1c4e7c
frame_12.png,640,512,uint8,0,251,110.77405090332032,0.0,0d60417ec5a907f24da81dd50d592cf18909ca04d70a9c60b1ca5d7329fd2ca9
frame_13.png,640,512,uint8,2,255,121.39172058105468,0.0005859375,0a549fd60c354d2d0dee3c2c9a68352f3b9c9ccee3d0a24239c96e034da688d0
frame_14.png,640,512,uint8,9,255,119.95250549316407,0.0018890380859375,ba441644043af908f2689c8258c553e5795c0d6c78dad0df4f6a554170c440c3
frame_15.png,640,512,uint8,12,255,116.23437805175782,0.0045074462890625,140d578da2b33b885b76a5adb880e8ed8331d79e6f7e8b1bf55d9039a7167b5c
frame_16.png,640,512,uint8,0,255,110.31688232421875,0.004412841796875,1b02200e6ce2080e5d5eb3715fbe38902a83faa89f44182ac5db60af86582626
frame_17.png,640,512,uint8,0,255,99.9052947998047,0.0059356689453125,f17934cbb929d9620c70df63f8e944bfd9ac1df4c8b60dcbcd40b8561c85143c
frame_18.png,640,512,uint8,0,255,128.55828857421875,0.0095672607421875,4874889b91e85096d5a68f1eda55b5c937f5b7d4bf0e9ef5e4483bec9364becd
frame_19.png,640,512,uint8,0,255,135.19417419433594,0.0090911865234375,6afcd5d06fd5e05362b60c41af4b8bceef56caae56c5f68422d61cf769f415e8
frame_20.png,640,512,uint8,0,255,138.3383819580078,0.0089813232421875,1c8e6a035ba494c6944d29291eb8754dcd54bc3677fab0487bbd33641a000986
frame_21.png,640,512,uint8,0,255,138.1614532470703,0.0079010009765625,b1bb70b3e1128624f9f11ea8e6f7c4df428ab7681275a972eca0fc8e250183ef
frame_22.png,640,512,uint8,0,255,145.68482055664063,0.007171630859375,87da68974e7379fb43245cfb65cb99ffcb2a7db4f9588d48e01ba2508be23842
frame_23.png,640,512,uint8,0,255,147.00819702148436,0.0043060302734375,4c56d7ad1fd15195b0b05548d5b5253dadf42ab895a7748f83ffe1d9a819a677
frame_24.png,640,512,uint8,0,255,143.34237060546874,0.003765869140625,acce2dc71b48f9aee5447d8926dcc62a58de19a874f889569beadb449a6157a4
frame_25.png,640,512,uint8,5,255,124.25712585449219,0.002880859375,5de77822dc740b8c4d3a6e6f45efa6277a85b18d212fb650cf228b49b56c665f
frame_26.png,640,512,uint8,0,255,109.16800537109376,0.0021087646484375,45cf05d5977d4aa9f70213b79545ad93ad79d156daffba9749748f4bcfb9588c
frame_27.png,640,512,uint8,0,255,106.33334350585938,0.0019287109375,3ec41a05b74af8ddcce122dafe1ecded0ea4ebc92d5cf24bd7387ec584fdb5f1
frame_28.png,640,512,uint8,0,255,106.0445343017578,0.0010650634765625,091898cf629814d260a863f2f5dd055bc442da3bef6d113dcd4a9b8c00a1705d
frame_29.png,640,512,uint8,0,255,122.26503295898438,0.003338623046875,cb8df7161107f766702084bb80f6b7b398a38c5c3d765ba26302821c7fb5aade
frame_30.png,640,512,uint8,0,255,141.2759002685547,0.00557861328125,f5b25ba51534f8cfdf691652bf899d0236513a2c4a9164b8fccd9093e83ba281
frame_31.png,640,512,uint8,0,255,146.07511291503906,0.006103515625,8b7d1e640becb0f63534fc02245eae6f116a4ab5cb007c7ecc4c4c820ea7dc4f
frame_32.png,640,512,uint8,0,255,145.8258026123047,0.0050384521484375,f3b72cdbaf6276d94d6c93ae56b19fc0258788955a34cd97d145749ee623cbb0
frame_33.png,640,512,uint8,0,255,145.93321838378907,0.0042449951171875,871773983987eed0dc06f2ec741ac94f1070009e8e4b561f97e4ee7266cac3d5
frame_34.png,640,512,uint8,0,255,149.22034912109376,0.0054107666015625,1e6a205bb6cdb90942f7fec926933551ec06b49ba629808ae821084e4547efcf
frame_35.png,640,512,uint8,0,255,150.29573669433594,0.0057403564453125,ea1eac8b20e429707f7fa2012ac53f23476749f8b634ef59065139bb745dbe8d
frame_36.png,640,512,uint8,0,255,151.92109069824218,0.0039459228515625,4b094dd862e9eef319d68f32327dac0ee444daac4b5181f355b1167d6d72e003
frame_37.png,640,512,uint8,0,255,153.05915222167968,0.000799560546875,c0bb27058f688725f1a19b22955323b1cc28f0497ed0e4ce4f5308fc022112ed
frame_38.png,640,512,uint8,0,253,161.9690704345703,0.0,bd4e4bf3b273f56e64cbe3c4e1d26c5199c4bc8cfaf2938c41f2ff0ce3b1dfeb
frame_39.png,640,512,uint8,0,255,163.25914001464844,0.0016021728515625,f5972844077bce8688a5a1ec60267a0e99721e0f95002984e26c189983886532
frame_40.png,640,512,uint8,87,255,158.236474609375,0.0016448974609375,8f88e689a6bdb1a096c46731dbf02c24c67807df0955cbc9f1b54eaf6ecd994c
frame_41.png,640,512,uint8,12,255,125.96624450683593,0.0011199951171875,441048a16987e810fe57a646951521a8ff7823385c59595814f35fd44f639b98
frame_42.png,640,512,uint8,0,255,119.14989318847657,0.0012176513671875,0e7beb64122901c338af05010a029bdbba0f62198317129451a227a3eb483711
frame_43.png,640,512,uint8,0,255,118.35444641113281,0.0013092041015625,cb2b4e803df350dd40420ebe40ae409fd1db2acce118be265c446547d1bd4c4a
frame_44.png,640,512,uint8,0,255,113.73083190917968,0.00216064453125,83946812ddf2364445a3ae79f52c5b919c974a2aad8a389555c36751ab47f2a7
frame_45.png,640,512,uint8,0,255,105.53514404296875,0.0089263916015625,c79c94f4920edc2812a52f65afae2a3ebea34d944c13993b7183178d85da17db
frame_46.png,640,512,uint8,0,255,98.05133972167968,0.00718994140625,cbc576498ea387e26b481d08206daf64f5875e5fda2c8cfda4f172ece44598ff
frame_47.png,640,512,uint8,0,255,87.77068176269532,0.0039154052734375,9152663b36842c7b9ee219d569e99320ead0975a2d45b303e043962d74092a12
frame_48.png,640,512,uint8,0,255,86.01526794433593,0.0009002685546875,5b9c554c7a55abccb3ddf335628619e2bb2db8384cf4b1f4ad14eef3e7380151
frame_49.png,640,512,uint8,0,255,117.74378967285156,1.52587890625e-05,b68df2d6da8d7183ce4e3a71e184eb5377fb35006f59136962a5188ca954d14e
frame_50.png,640,512,uint8,0,220,149.02314453125,0.0,ebb3ead726e2106e8312052b8351d977d8cce42b81b2e5930bee3eac2713c5fa
frame_51.png,640,512,uint8,0,241,173.85112915039062,0.0,49c196cc0c8350ed6f09e8bdf0058c1d17851925d555bdcefd2f5e50f639bee7
