iteration,mode,post_ms
0,legacy_3,0.4419000179041177
0,thin_3,1.9705000158865005
0,banded,2.2625999990850687
0,continuous,2.8602000093087554
0,smooth,2.8532000142149627
1,thin_3,1.9566999981179833
1,banded,2.2480000043287873
1,continuous,5.914399982430041
1,smooth,6.116499978816137
1,legacy_3,1.001099997665733
2,banded,4.456399998161942
2,continuous,4.713100002845749
2,smooth,3.4494999854359776
2,legacy_3,0.4526000120677054
2,thin_3,1.9664000137709081
3,continuous,4.647299996577203
3,smooth,3.8154000067152083
3,legacy_3,0.44999999227002263
3,thin_3,2.0504999847617
3,banded,2.2981000074651092
4,smooth,2.7907000039704144
4,legacy_3,0.44720000005327165
4,thin_3,1.933799998369068
4,banded,3.074800013564527
4,continuous,6.516199995530769
5,legacy_3,0.9756000072229654
5,thin_3,4.9999000038951635
5,banded,4.751699976623058
5,continuous,4.473799985134974
5,smooth,3.3591999963391572
6,thin_3,2.1764999837614596
6,banded,2.4759999942034483
6,continuous,3.143599984468892
6,smooth,3.1851000094320625
6,legacy_3,0.4351999959908426
7,banded,2.307699993252754
7,continuous,2.826800016919151
7,smooth,2.8304000152274966
7,legacy_3,0.3858999989461154
7,thin_3,2.3271999962162226
8,continuous,6.6439000074751675
8,smooth,6.156799994641915
8,legacy_3,0.9000000136438757
8,thin_3,3.4394999966025352
8,banded,3.0923000012990087
9,smooth,3.1706000154372305
9,legacy_3,0.3934999986086041
9,thin_3,2.1557000000029802
9,banded,2.4542000028304756
9,continuous,3.061299998080358
10,legacy_3,0.41879998752847314
10,thin_3,2.0099999965168536
10,banded,2.252500009490177
10,continuous,2.813700004480779
10,smooth,2.7953999815508723
11,thin_3,1.9088999833911657
11,banded,2.2437000006902963
11,continuous,5.5219999921973795
11,smooth,6.26130000455305
11,legacy_3,0.9423000155948102
12,banded,5.725199996959418
12,continuous,5.82859999849461
12,smooth,4.6406999754253775
12,legacy_3,0.5056000081822276
12,thin_3,4.645199980586767
13,continuous,5.051300016930327
13,smooth,3.7918999732937664
13,legacy_3,0.44249999336898327
13,thin_3,2.057700010482222
13,banded,2.238099987152964
14,smooth,4.490300023462623
14,legacy_3,0.44350000098347664
14,thin_3,2.201800001785159
14,banded,2.524799987440929
14,continuous,3.129399992758408
15,legacy_3,0.43319998076185584
15,thin_3,2.439900010358542
15,banded,2.8147000120952725
15,continuous,3.3463000145275146
15,smooth,3.385899995919317
16,thin_3,1.9459000031929463
16,banded,2.2302999859675765
16,continuous,2.944400010164827
16,smooth,2.882699976908043
16,legacy_3,0.4253000079188496
17,banded,2.486000012140721
17,continuous,3.1448999943677336
17,smooth,3.119599976344034
17,legacy_3,0.4361000028438866
17,thin_3,2.1532000100705773
18,continuous,5.563000013353303
18,smooth,6.2034000002313405
18,legacy_3,0.9996999870054424
18,thin_3,4.485799989197403
18,banded,4.807499994058162
19,smooth,4.641500010620803
19,legacy_3,0.6013000092934817
19,thin_3,3.919399983715266
19,banded,4.304400004912168
19,continuous,4.600100015522912
20,legacy_3,0.5494999932125211
20,thin_3,3.505599976051599
20,banded,2.728199993725866
20,continuous,4.340899991802871
20,smooth,3.0891000060364604
21,thin_3,2.202900010161102
21,banded,2.491899998858571
21,continuous,3.091400023549795
21,smooth,3.0755000188946724
21,legacy_3,0.42650001705624163
22,banded,2.268500014906749
22,continuous,2.786999975796789
22,smooth,2.834999992046505
22,legacy_3,0.44380000326782465
22,thin_3,1.946400007000193
23,continuous,2.8294000076130033
23,smooth,2.907799993408844
23,legacy_3,0.4451999848242849
23,thin_3,1.9580000080168247
23,banded,2.2515999735333025
24,smooth,3.0676999886054546
24,legacy_3,0.5166000046301633
24,thin_3,2.1964999905321747
24,banded,2.492800005711615
24,continuous,3.1611000013072044
25,legacy_3,0.40129999979399145
25,thin_3,2.1840000117663294
25,banded,2.544499991927296
25,continuous,3.045399993425235
25,smooth,3.0491999932564795
26,thin_3,1.9234000064898282
26,banded,4.232200008118525
26,continuous,3.5846999962814152
26,smooth,2.9070000164210796
26,legacy_3,0.5219999875407666
27,banded,2.603500004624948
27,continuous,3.5696999984793365
27,smooth,3.0620000034105033
27,legacy_3,0.4183000128250569
27,thin_3,2.199999988079071
28,continuous,3.0119000002741814
28,smooth,2.9966000001877546
28,legacy_3,0.4293000092729926
28,thin_3,2.1975999989081174
28,banded,2.54539999878034
29,smooth,3.0830999894533306
29,legacy_3,0.44159998651593924
29,thin_3,2.2302000143099576
29,banded,2.461399999447167
29,continuous,3.0553999822586775
30,legacy_3,0.41359997703693807
30,thin_3,2.965699997730553
30,banded,3.1156000040937215
30,continuous,3.0718000198248774
30,smooth,3.310500003863126
31,thin_3,2.410699991742149
31,banded,2.8321999998297542
31,continuous,5.328300001565367
31,smooth,3.5214000090491027
31,legacy_3,0.43330001062713563
32,banded,2.567400020780042
32,continuous,3.14990000333637
32,smooth,5.2983000059612095
32,legacy_3,0.9389000188093632
32,thin_3,3.7828000204171985
33,continuous,5.827999993925914
33,smooth,7.0878000115044415
33,legacy_3,0.9479000000283122
33,thin_3,4.045799985760823
33,banded,4.6894999977666885
34,smooth,4.8390000010840595
34,legacy_3,0.46710000606253743
34,thin_3,2.044500026386231
34,banded,2.2852999973110855
34,continuous,2.7632999990601093
35,legacy_3,0.41259999852627516
35,thin_3,2.0345999801065773
35,banded,2.607800008263439
35,continuous,2.7963999891653657
35,smooth,2.7965999906882644
36,thin_3,1.9338999991305172
36,banded,2.478900016285479
36,continuous,3.997799998614937
36,smooth,4.908100003376603
36,legacy_3,0.9394000226166099
37,banded,4.2492999928072095
37,continuous,5.256400007056072
37,smooth,5.301800003508106
37,legacy_3,0.8724000072106719
37,thin_3,2.9808000253979117
38,continuous,3.6158000002615154
38,smooth,3.500200022244826
38,legacy_3,0.4786000063177198
38,thin_3,4.355100012617186
38,banded,4.61519998498261
39,smooth,5.2980000036768615
39,legacy_3,0.9448000055272132
39,thin_3,4.608399991411716
39,banded,4.453000001376495
39,continuous,4.685599997173995
40,legacy_3,0.5577999982051551
40,thin_3,2.5881999754346907
40,banded,2.88169999839738
40,continuous,3.057900001294911
40,smooth,3.0965000041760504
41,thin_3,2.0915000059176236
41,banded,2.226000011432916
41,continuous,2.7529999788384885
41,smooth,4.038999992189929
41,legacy_3,0.45039999531582
42,banded,2.260299981571734
42,continuous,2.8389999934006482
42,smooth,2.800499991280958
42,legacy_3,0.44440000783652067
42,thin_3,1.936899992870167
43,continuous,3.529500012518838
43,smooth,3.5117999941576272
43,legacy_3,0.5271999980323017
43,thin_3,2.0560999982990324
43,banded,2.2056000016164035
44,smooth,2.786299999570474
44,legacy_3,0.519599998369813
44,thin_3,1.9814000115729868
44,banded,2.3113999923225492
44,continuous,2.7808999875560403
45,legacy_3,0.4094999749213457
45,thin_3,1.9922000064980239
45,banded,2.211699989857152
45,continuous,2.7541999879758805
45,smooth,2.7885000163223594
46,thin_3,3.336699999636039
46,banded,4.349399998318404
46,continuous,5.451500008348376
46,smooth,5.499899998540059
46,legacy_3,0.957000011112541
47,banded,3.784699976677075
47,continuous,3.5321000032126904
47,smooth,4.709399974672124
47,legacy_3,0.8703999919816852
47,thin_3,3.0279000056907535
48,continuous,2.802600007271394
48,smooth,3.0983000178821385
48,legacy_3,0.42799999937415123
48,thin_3,2.234499988844618
48,banded,2.466999983880669
49,smooth,2.8028999804519117
49,legacy_3,0.4868999822065234
49,thin_3,2.703500009374693
49,banded,2.6649999781511724
49,continuous,3.109200013568625
50,legacy_3,0.4378999874461442
50,thin_3,2.2979000059422106
50,banded,2.302199980476871
50,continuous,4.851100005907938
50,smooth,5.5176000169012696
51,thin_3,3.6706000100821257
51,banded,4.13220000336878
51,continuous,5.172799981664866
51,smooth,3.8711999950464815
51,legacy_3,0.6028999923728406
52,banded,2.456299989717081
52,continuous,2.936100005172193
52,smooth,2.8294000076130033
52,legacy_3,0.434900022810325
52,thin_3,2.0582000142894685
53,continuous,2.778299996862188
53,smooth,2.9288000077940524
53,legacy_3,0.4557000065688044
53,thin_3,2.011300006415695
53,banded,2.258699998492375
54,smooth,2.8580000216607004
54,legacy_3,0.41980002424679697
54,thin_3,1.9743000157177448
54,banded,2.1967999928165227
54,continuous,2.7492999797686934
55,legacy_3,0.42490000487305224
55,thin_3,2.294199977768585
55,banded,2.4957999994512647
55,continuous,3.0741000082343817
55,smooth,3.026500024134293
56,thin_3,1.9878000020980835
56,banded,2.172599983168766
56,continuous,2.842899993993342
56,smooth,2.858299994841218
56,legacy_3,0.4631000047083944
57,banded,2.3212000087369233
57,continuous,2.9084000270813704
57,smooth,2.803100011078641
57,legacy_3,0.45039999531582
57,thin_3,2.001299988478422
58,continuous,2.8019999735988677
58,smooth,2.8747000033035874
58,legacy_3,0.44139998499304056
58,thin_3,2.0477000216487795
58,banded,2.2373000101651996
59,smooth,2.7461000136099756
59,legacy_3,0.4684999876189977
59,thin_3,2.0443999965209514
59,banded,2.3058000078890473
59,continuous,2.8427000215742737
60,legacy_3,0.43960000039078295
60,thin_3,2.0204999891575426
60,banded,2.3130000045057386
60,continuous,2.8301999846007675
60,smooth,2.822200010996312
61,thin_3,2.3750000109430403
61,banded,2.63580001774244
61,continuous,3.3528999774716794
61,smooth,3.338200011057779
61,legacy_3,0.448200007667765
62,banded,2.9218000127002597
62,continuous,3.4983999794349074
62,smooth,3.368000005139038
62,legacy_3,0.4393999988678843
62,thin_3,2.5372999953106046
63,continuous,3.2952000037766993
63,smooth,3.287100000306964
63,legacy_3,0.4318999999668449
63,thin_3,2.448499988531694
63,banded,2.7676000026986003
64,smooth,6.448700005421415
64,legacy_3,0.9710000013001263
64,thin_3,4.329799994593486
64,banded,4.505099990637973
64,continuous,4.821800015633926
65,legacy_3,0.5005999992135912
65,thin_3,2.3501999967265874
65,banded,2.4578000011388212
65,continuous,2.898699982324615
65,smooth,2.951800008304417
66,thin_3,3.3462000137660652
66,banded,2.565100003266707
66,continuous,3.0528999923262745
66,smooth,3.045399993425235
66,legacy_3,0.44860001071356237
67,banded,2.2517000033985823
67,continuous,3.257500007748604
67,smooth,2.824700000928715
67,legacy_3,0.4267999902367592
67,thin_3,1.9619000086095184
68,continuous,2.810800011502579
68,smooth,2.8800999862141907
68,legacy_3,0.46740000834688544
68,thin_3,2.829999983077869
68,banded,2.295299986144528
69,smooth,2.9138999816495925
69,legacy_3,0.4420999903231859
69,thin_3,1.9623000116553158
69,banded,2.2299000120256096
69,continuous,2.818999986629933
70,legacy_3,0.42440000106580555
70,thin_3,2.266200026497245
70,banded,3.832299989880994
70,continuous,3.1076000013854355
70,smooth,2.799400012008846
71,thin_3,1.9496000022627413
71,banded,2.217400004155934
71,continuous,3.125699993688613
71,smooth,3.0630000110249966
71,legacy_3,0.4239999980200082
72,banded,2.6294999988749623
72,continuous,2.929999987827614
72,smooth,3.0541000014636666
72,legacy_3,0.4370999813545495
72,thin_3,2.2521000064443797
73,continuous,4.175500012934208
73,smooth,2.964000013889745
73,legacy_3,0.44639999396167696
73,thin_3,1.9866999937221408
73,banded,2.2652999905403703
74,smooth,2.9491000168491155
74,legacy_3,0.46019998262636364
74,thin_3,1.9742999866139144
74,banded,2.241400012280792
74,continuous,2.8577999910339713
75,legacy_3,0.43070001993328333
75,thin_3,1.9822999893222004
75,banded,2.2538999910466373
75,continuous,2.8384999895934016
75,smooth,2.9984999855514616
76,thin_3,2.9494999907910824
76,banded,2.2711000056006014
76,continuous,2.907899994170293
76,smooth,2.894600009312853
76,legacy_3,0.44249999336898327
77,banded,2.465099998516962
77,continuous,3.1882000039331615
77,smooth,2.9315000283531845
77,legacy_3,0.47140000970102847
77,thin_3,1.9592999888118356
78,continuous,3.0584000051021576
78,smooth,3.540600009728223
78,legacy_3,0.9959999879356474
78,thin_3,4.174000001512468
78,banded,4.718099982710555
79,smooth,5.768100003479049
79,legacy_3,0.5074999935459346
79,thin_3,2.020800020545721
79,banded,2.28169999900274
79,continuous,2.9266999918036163
80,legacy_3,0.4341999883763492
80,thin_3,2.19280002056621
80,banded,2.4776000063866377
80,continuous,3.2556999940425158
80,smooth,4.22400000388734
81,thin_3,2.2666000004392117
81,banded,2.3962000268511474
81,continuous,2.90250001125969
81,smooth,2.9252999811433256
81,legacy_3,0.4434000002220273
82,banded,5.222899984801188
82,continuous,5.942899995716289
82,smooth,5.8871000073850155
82,legacy_3,0.9511999960523099
82,thin_3,3.464999987045303
83,continuous,3.942900017136708
83,smooth,3.328699996927753
83,legacy_3,0.45560000580735505
83,thin_3,2.430399996228516
83,banded,3.511999995680526
84,smooth,3.4290000039618462
84,legacy_3,0.538399996003136
84,thin_3,2.237599983345717
84,banded,2.5329999916721135
84,continuous,3.234200004953891
85,legacy_3,0.4558000073302537
85,thin_3,4.017700004624203
85,banded,4.855700011830777
85,continuous,6.278800021391362
85,smooth,5.932600004598498
86,thin_3,3.1060999899636954
86,banded,3.120000008493662
86,continuous,3.2273000106215477
86,smooth,3.3835000067483634
86,legacy_3,0.44490001164376736
87,banded,2.7494000096339732
87,continuous,5.970300000626594
87,smooth,5.562900012591854
87,legacy_3,0.8372000011149794
87,thin_3,3.4220000088680536
88,continuous,4.08179999794811
88,smooth,3.3178000012412667
88,legacy_3,0.4728000203613192
88,thin_3,2.187399979447946
88,banded,2.580100001068786
89,smooth,3.191800002241507
89,legacy_3,0.443900004029274
89,thin_3,2.2200999956112355
89,banded,2.498999994713813
89,continuous,3.2100999960675836
90,legacy_3,0.44999999227002263
90,thin_3,2.2515000018756837
90,banded,3.3100000000558794
90,continuous,2.9940000094939023
90,smooth,2.9892000020481646
91,thin_3,1.9497000030241907
91,banded,2.1927999914623797
91,continuous,2.7974999975413084
91,smooth,4.512699990300462
91,legacy_3,0.41840001358650625
92,banded,2.260599983856082
92,continuous,2.7316000196151435
92,smooth,2.718900010222569
92,legacy_3,0.43429998913779855
92,thin_3,2.0200000144541264
93,continuous,3.6353999748826027
93,smooth,3.0946999904699624
93,legacy_3,0.4326000052969903
93,thin_3,2.523999981349334
93,banded,2.746999991359189
94,smooth,2.7907000039704144
94,legacy_3,0.42070000199601054
94,thin_3,4.151600005570799
94,banded,4.2625999776646495
94,continuous,5.413699982455
95,legacy_3,0.877000013133511
95,thin_3,4.220799979520962
95,banded,3.949100006138906
95,continuous,3.7010000087320805
95,smooth,3.3853999921120703
96,thin_3,2.3501999967265874
96,banded,2.585600013844669
96,continuous,3.2876000041142106
96,smooth,2.801399998134002
96,legacy_3,0.45960000716149807
97,banded,3.108100005192682
97,continuous,3.2504999835509807
97,smooth,3.949200006900355
97,legacy_3,0.6066000205464661
97,thin_3,2.304299996467307
98,continuous,3.0103999888524413
98,smooth,2.792499988572672
98,legacy_3,0.4420999903231859
98,thin_3,1.9654000061564147
98,banded,2.2427999938372523
99,smooth,3.7779000122100115
99,legacy_3,0.5244999774731696
99,thin_3,2.0046000136062503
99,banded,2.2533999872393906
99,continuous,2.8352999943308532
100,legacy_3,0.4456000169739127
100,thin_3,2.286499977344647
100,banded,2.6311000110581517
100,continuous,3.0571000243071467
100,smooth,3.037200018297881
101,thin_3,1.965200004633516
101,banded,2.219699992565438
101,continuous,2.8233999910298735
101,smooth,2.948499983176589
101,legacy_3,0.4883999936282635
102,banded,2.30089999968186
102,continuous,2.888900024117902
102,smooth,2.8455000137910247
102,legacy_3,0.4338999860920012
102,thin_3,1.947600016137585
103,continuous,3.1247000151779503
103,smooth,4.20930000836961
103,legacy_3,0.41619999683462083
103,thin_3,2.1662999934051186
103,banded,2.4446999887004495
104,smooth,3.0983000178821385
104,legacy_3,0.4718000127468258
104,thin_3,2.5578000058885664
104,banded,2.500800008419901
104,continuous,3.166700014844537
105,legacy_3,0.44800000614486635
105,thin_3,1.9830999954137951
105,banded,2.294400008395314
105,continuous,2.873600024031475
105,smooth,2.954600000521168
106,thin_3,2.1761999814771116
106,banded,2.5086000096052885
106,continuous,3.1635999912396073
106,smooth,3.2393999863415956
106,legacy_3,0.5230999959167093
107,banded,2.393599977949634
107,continuous,4.229100013617426
107,smooth,3.128000011201948
107,legacy_3,0.454099994385615
107,thin_3,1.9560999935492873
108,continuous,2.9485000122804195
108,smooth,2.959599980385974
108,legacy_3,0.4801000177394599
108,thin_3,2.067900000838563
108,banded,2.3092000046744943
109,smooth,3.192000003764406
109,legacy_3,0.4661999992094934
109,thin_3,2.2486999805551022
109,banded,2.507800003513694
109,continuous,4.274899984011427
110,legacy_3,1.1420999944675714
110,thin_3,4.181199998129159
110,banded,4.786000004969537
110,continuous,6.109099980676547
110,smooth,6.605900009162724
111,thin_3,2.6206999900750816
111,banded,2.314699988346547
111,continuous,3.281899989815429
111,smooth,3.1707999878562987
111,legacy_3,0.45819999650120735
112,banded,2.5473000132478774
112,continuous,3.193999989889562
112,smooth,3.1931999837979674
112,legacy_3,0.43340001138858497
112,thin_3,2.1470000210683793
113,continuous,3.193500015186146
113,smooth,3.2952000037766993
113,legacy_3,0.4453000146895647
113,thin_3,2.2221000108402222
113,banded,2.5126999826170504
114,smooth,3.302199998870492
114,legacy_3,0.5220999883022159
114,thin_3,2.7009999903384596
114,banded,2.8452999831642956
114,continuous,3.2378000032622367
115,legacy_3,0.43710001045838
115,thin_3,2.207399986218661
115,banded,2.554000006057322
115,continuous,3.924400021787733
115,smooth,6.301899993559346
116,thin_3,3.6312000011093915
116,banded,4.400799982249737
116,continuous,5.491199990501627
116,smooth,4.171500011580065
116,legacy_3,0.600200000917539
117,banded,2.531599981011823
117,continuous,6.1886000039521605
117,smooth,5.74270001379773
117,legacy_3,0.7394000131171197
117,thin_3,2.8196999919600785
118,continuous,3.573800000594929
118,smooth,5.455200007418171
118,legacy_3,0.7593000191263855
118,thin_3,2.9771999979857355
118,banded,2.9789000109303743
119,smooth,3.023800003575161
119,legacy_3,0.4709000058937818
119,thin_3,2.7726000116672367
119,banded,4.4787999941036105
119,continuous,3.5097999789286405
120,legacy_3,0.4228999896440655
120,thin_3,2.1081999875605106
120,banded,2.3421999940183014
120,continuous,3.411300014704466
120,smooth,2.8842000174336135
121,thin_3,1.9784000178333372
121,banded,2.9470000008586794
121,continuous,2.9526999860536307
121,smooth,3.6891000054311007
121,legacy_3,0.49119998584501445
122,banded,2.3990000190678984
122,continuous,2.8387000202201307
122,smooth,2.812499995343387
122,legacy_3,0.42959998245351017
122,thin_3,1.9221999973524362
123,continuous,2.898399980040267
123,smooth,2.949699992313981
123,legacy_3,0.41989999590441585
123,thin_3,1.951699989149347
123,banded,2.246999996714294
124,smooth,2.8683999844361097
124,legacy_3,0.5228999943938106
124,thin_3,1.9668000168167055
124,banded,2.3317000013776124
124,continuous,2.955200005089864
125,legacy_3,0.4202999989502132
125,thin_3,2.168800012441352
125,banded,2.477799978805706
125,continuous,3.0467000033240765
125,smooth,3.068699996219948
126,thin_3,2.15430001844652
126,banded,3.6171999818179756
126,continuous,3.1491999980062246
126,smooth,3.1670999887865037
126,legacy_3,0.42799999937415123
127,banded,2.49650000478141
127,continuous,2.966300002299249
127,smooth,2.8927000239491463
127,legacy_3,0.4264000162947923
127,thin_3,2.9630999779328704
128,continuous,3.1962000066414475
128,smooth,3.146500006550923
128,legacy_3,0.4397000011522323
128,thin_3,2.204899996286258
128,banded,3.0605999927502126
129,smooth,3.10990001889877
129,legacy_3,0.41980002424679697
129,thin_3,2.1975999989081174
129,banded,2.5627000140957534
129,continuous,3.088400000706315
130,legacy_3,0.42550000944174826
130,thin_3,2.700700017157942
130,banded,2.869500021915883
130,continuous,3.09810001635924
130,smooth,2.855200000340119
131,thin_3,1.9404999911785126
131,banded,2.2662999981548637
131,continuous,2.9249000072013587
131,smooth,2.875500009395182
131,legacy_3,0.41849998524412513
132,banded,2.4839999969117343
132,continuous,3.0610999965574592
132,smooth,3.0402000120375305
132,legacy_3,0.42019999818876386
132,thin_3,2.146199985872954
133,continuous,2.917999983765185
133,smooth,2.9477000061888248
133,legacy_3,0.4428999964147806
133,thin_3,1.9789000216405839
133,banded,2.2552999726030976
134,smooth,3.1140999926719815
134,legacy_3,0.4262999864295125
134,thin_3,2.1566000068560243
134,banded,3.0294000171124935
134,continuous,3.199700004188344
135,legacy_3,0.4521999799180776
135,thin_3,2.4330999876838177
135,banded,2.8254000062588602
135,continuous,3.4422999888192862
135,smooth,3.683999995701015
136,thin_3,2.0126000163145363
136,banded,2.3021000088192523
136,continuous,3.00319999223575
136,smooth,3.001300006872043
136,legacy_3,0.4532999882940203
137,banded,4.511200007982552
137,continuous,5.877699994016439
137,smooth,5.776600009994581
137,legacy_3,0.7792000251356512
137,thin_3,2.6541000115685165
138,continuous,3.1729000038467348
138,smooth,2.974899980472401
138,legacy_3,0.44100001105107367
138,thin_3,2.006799972150475
138,banded,2.429700020002201
139,smooth,2.9110999894328415
139,legacy_3,0.4678000113926828
139,thin_3,2.049299975624308
139,banded,2.4810000031720847
139,continuous,3.1946999952197075
140,legacy_3,0.4258000117260963
140,thin_3,2.5670999893918633
140,banded,2.588500006822869
140,continuous,5.688599980203435
140,smooth,5.811199982417747
141,thin_3,3.9329999999608845
141,banded,4.592199984472245
141,continuous,4.7827999806031585
141,smooth,3.727600007550791
141,legacy_3,0.4690999921876937
142,banded,2.4981000169645995
142,continuous,3.1547000107821077
142,smooth,3.386500000488013
142,legacy_3,0.4298999847378582
142,thin_3,2.4827999877743423
143,continuous,5.687299999408424
143,smooth,5.778699996881187
143,legacy_3,0.9122999908868223
143,thin_3,4.025800008093938
143,banded,3.993799997260794
144,smooth,4.033100005472079
144,legacy_3,0.46690000453963876
144,thin_3,2.1997999865561724
144,banded,2.4919999996200204
144,continuous,3.0981999880168587
145,legacy_3,0.430900021456182
145,thin_3,2.18979999772273
145,banded,2.447800012305379
145,continuous,3.2196000101976097
145,smooth,3.0402000120375305
146,thin_3,1.9366999913472682
146,banded,2.220199996372685
146,continuous,2.7931999939028174
146,smooth,2.8223000117577612
146,legacy_3,0.46460001613013446
147,banded,2.533099992433563
147,continuous,3.101399983279407
147,smooth,3.0528999923262745
147,legacy_3,0.437400012742728
147,thin_3,4.435599985299632
148,continuous,5.479800020111725
148,smooth,6.305999995674938
148,legacy_3,0.916799996048212
148,thin_3,4.27439998020418
148,banded,4.435799986822531
149,smooth,4.775600013090298
149,legacy_3,0.5061999836470932
149,thin_3,3.9618000155314803
149,banded,3.7678999942727387
149,continuous,4.802900017239153
150,legacy_3,0.6282000103965402
150,thin_3,3.287100000306964
150,banded,2.918200014391914
150,continuous,3.0937000119592994
150,smooth,6.155499984743074
151,thin_3,4.259000008460134
151,banded,4.790800012415275
151,continuous,5.392799997935072
151,smooth,3.793899988522753
151,legacy_3,0.42379999649710953
152,banded,2.5224999990314245
152,continuous,3.129599994281307
152,smooth,4.176499991444871
152,legacy_3,0.4321000014897436
152,thin_3,2.0597000257112086
153,continuous,3.8816999876871705
153,smooth,3.567900013877079
153,legacy_3,0.41970002348534763
153,thin_3,2.2051000269129872
153,banded,4.525600001215935
154,smooth,4.567500000121072
154,legacy_3,0.7852999842725694
154,thin_3,3.0020999838598073
154,banded,2.8645999846048653
154,continuous,3.4509999968577176
155,legacy_3,0.39919998380355537
155,thin_3,1.9994000031147152
155,banded,2.232999977422878
155,continuous,2.7666999958455563
155,smooth,2.7418000099714845
156,thin_3,1.924200012581423
156,banded,2.2425999923143536
156,continuous,2.785999997286126
156,smooth,2.7985000051558018
156,legacy_3,0.437400012742728
157,banded,2.258099993923679
157,continuous,2.776400011498481
157,smooth,2.7049000200349838
157,legacy_3,0.4180999821983278
157,thin_3,3.64179999451153
158,continuous,6.239799986360595
158,smooth,5.827399989357218
158,legacy_3,0.9301999816671014
158,thin_3,3.9043000142555684
158,banded,4.11150002037175
159,smooth,5.062999989604577
159,legacy_3,0.7730999786872417
159,thin_3,3.7629000144079328
159,banded,3.486800007522106
159,continuous,3.6074000236112624
160,legacy_3,0.43169999844394624
160,thin_3,2.4022999859880656
160,banded,2.796400018269196
160,continuous,6.59910001559183
160,smooth,6.011799996485934
161,thin_3,3.0716000183019787
161,banded,3.1663000117987394
161,continuous,3.234899981180206
161,smooth,3.32330001401715
161,legacy_3,0.47220001579262316
162,banded,2.756400004727766
162,continuous,3.312099986942485
162,smooth,5.91760000679642
162,legacy_3,0.8902999979909509
162,thin_3,3.639700007624924
163,continuous,3.686799987917766
163,smooth,3.0485999886877835
163,legacy_3,0.46519999159500003
163,thin_3,2.338399994187057
163,banded,2.6470999873708934
164,smooth,3.039500006707385
164,legacy_3,0.4686000174842775
164,thin_3,2.2170000011101365
164,banded,2.3796000168658793
164,continuous,2.817300002789125
165,legacy_3,0.40920000174082816
165,thin_3,2.3308999952860177
165,banded,2.513699990231544
165,continuous,2.8242999978829175
165,smooth,3.077699977438897
166,thin_3,2.1806999866385013
166,banded,4.3046000064350665
166,continuous,5.239999998593703
166,smooth,5.295299983117729
166,legacy_3,0.9171999990940094
167,banded,3.5017000045627356
167,continuous,2.8787000046577305
167,smooth,3.0366999853868037
167,legacy_3,0.4258000117260963
167,thin_3,2.1028999763075262
168,continuous,2.7993999829050153
168,smooth,3.6752000160049647
168,legacy_3,0.9308999869972467
168,thin_3,3.710699995281175
168,banded,4.083200008608401
169,smooth,5.242200015345588
169,legacy_3,0.9207000257447362
169,thin_3,2.354600001126528
169,banded,2.3899000079836696
169,continuous,2.756700007012114
170,legacy_3,0.43230000301264226
170,thin_3,2.0465000125113875
170,banded,2.2662999981548637
170,continuous,2.726800012169406
170,smooth,4.0287000010721385
171,thin_3,2.054100012173876
171,banded,2.2440000029746443
171,continuous,2.751199994236231
171,smooth,2.793699997710064
171,legacy_3,0.4189999890513718
172,banded,2.2714999795425683
172,continuous,2.8144000098109245
172,smooth,2.829999983077869
172,legacy_3,0.4236999957356602
172,thin_3,2.0269000087864697
173,continuous,2.8806999907828867
173,smooth,2.7996000135317445
173,legacy_3,0.42340002255514264
173,thin_3,2.1078000136185437
173,banded,2.294000005349517
174,smooth,2.9379999905359
174,legacy_3,0.4175000067334622
174,thin_3,2.193199994508177
174,banded,2.48019999708049
174,continuous,3.00169998081401
175,legacy_3,0.41599999531172216
175,thin_3,2.5856999855022877
175,banded,2.8654999914579093
175,continuous,3.263399994466454
175,smooth,3.351999999722466
176,thin_3,2.266399998916313
176,banded,2.4726999981794506
176,continuous,3.094800020335242
176,smooth,3.0700000061187893
176,legacy_3,0.4400000034365803
177,banded,3.933800006052479
177,continuous,5.25959997321479
177,smooth,5.195900012040511
177,legacy_3,0.6843000010121614
177,thin_3,2.6929999876301736
178,continuous,3.2057000207714736
178,smooth,2.8253999771550298
178,legacy_3,0.4199999966658652
178,thin_3,2.0930999889969826
178,banded,3.2946999999694526
179,smooth,3.98549999226816
179,legacy_3,0.6775999790988863
179,thin_3,2.1800000104121864
179,banded,2.2655999928247184
179,continuous,2.7751999732572585
180,legacy_3,0.42699999175965786
180,thin_3,2.5375999975949526
180,banded,2.2869999811518937
180,continuous,2.7316999912727624
180,smooth,2.7105000044684857
181,thin_3,2.1712999732699245
181,banded,2.4320000084117055
181,continuous,4.860499990172684
181,smooth,5.932899977779016
181,legacy_3,0.9316999930888414
182,banded,4.989599983673543
182,continuous,5.040099989855662
182,smooth,5.199600011110306
182,legacy_3,0.6315000064205378
182,thin_3,2.996099996380508
183,continuous,5.167299997992814
183,smooth,5.063499993411824
183,legacy_3,0.5502999993041158
183,thin_3,4.478999995626509
183,banded,4.120700003113598
184,smooth,3.646700002718717
184,legacy_3,0.5345999961718917
184,thin_3,2.2407999786082655
184,banded,2.4738000065553933
184,continuous,3.0724999960511923
185,legacy_3,0.4180000105407089
185,thin_3,2.580100001068786
185,banded,5.00040000770241
185,continuous,6.026099988957867
185,smooth,5.05969999358058
186,thin_3,2.968600019812584
186,banded,3.887300001224503
186,continuous,3.5208000044804066
186,smooth,3.0475000094156712
186,legacy_3,0.4358000005595386
187,banded,4.079600010300055
187,continuous,4.929100017761812
187,smooth,4.857600026298314
187,legacy_3,0.6139000179246068
187,thin_3,2.61799999861978
188,continuous,3.179799998179078
188,smooth,2.8910999826621264
188,legacy_3,0.4557000065688044
188,thin_3,1.9573000026866794
188,banded,2.209700003731996
189,smooth,2.808199991704896
189,legacy_3,0.4445999802555889
189,thin_3,1.9633000192698091
189,banded,2.219200017862022
189,continuous,2.796700020553544
190,legacy_3,0.4264000162947923
190,thin_3,1.937799999723211
190,banded,2.224600000772625
190,continuous,2.79880000744015
190,smooth,2.7663999935612082
191,thin_3,4.280199995264411
191,banded,4.666799999540672
191,continuous,5.9581000241450965
191,smooth,5.308899999363348
191,legacy_3,0.5895999784115702
192,banded,3.1411999952979386
192,continuous,3.0266999965533614
192,smooth,2.9667000053450465
192,legacy_3,0.4262999864295125
192,thin_3,2.0411000004969537
193,continuous,3.6920999991707504
193,smooth,4.760699986945838
193,legacy_3,0.5785000103060156
193,thin_3,2.5249999889638275
193,banded,2.4648999969940633
194,smooth,4.06249999650754
194,legacy_3,0.6320999818854034
194,thin_3,2.08760000532493
194,banded,2.3379999911412597
194,continuous,3.0270999995991588
195,legacy_3,0.41710000368766487
195,thin_3,2.080500009469688
195,banded,2.5658000085968524
195,continuous,5.540999991353601
195,smooth,5.346999998437241
196,thin_3,3.269200009526685
196,banded,3.347699996083975
196,continuous,3.1895999854896218
196,smooth,3.041999996639788
196,legacy_3,0.4504999960772693
197,banded,2.5252000195905566
197,continuous,3.1608999997843057
197,smooth,3.1590000144205987
197,legacy_3,0.41560002136975527
197,thin_3,2.3139000113587826
198,continuous,3.534900024533272
198,smooth,3.6071000213269144
198,legacy_3,0.43710001045838
198,thin_3,2.7611000114120543
198,banded,4.867800016654655
199,smooth,2.9386999958660454
199,legacy_3,0.461499992525205
199,thin_3,1.975099992705509
199,banded,2.2806999913882464
199,continuous,2.876300015486777
200,legacy_3,0.4191999905742705
200,thin_3,2.8495000151451677
200,banded,3.3842000120785087
200,continuous,3.1171000155154616
200,smooth,3.1064999930094928
201,thin_3,1.9637999939732254
201,banded,2.318900020327419
201,continuous,2.9158999968785793
201,smooth,2.9261000163387507
201,legacy_3,0.4338000144343823
202,banded,2.2754000092390925
202,continuous,2.905600005760789
202,smooth,2.891100011765957
202,legacy_3,0.4408999811857939
202,thin_3,2.411900000879541
203,continuous,3.242599981604144
203,smooth,3.241900005377829
203,legacy_3,0.4561999812722206
203,thin_3,2.2539999918080866
203,banded,2.4799999955575913
204,smooth,3.3537999843247235
204,legacy_3,0.8643999753985554
204,thin_3,3.1396000122185796
204,banded,2.9205000028014183
204,continuous,3.372900013346225
205,legacy_3,0.447900005383417
205,thin_3,2.3193999950308353
205,banded,2.6892999885603786
205,continuous,3.5525999846868217
205,smooth,3.5646999895107
206,thin_3,2.2751999786123633
206,banded,2.8538000187836587
206,continuous,4.886000009719282
206,smooth,5.890400003409013
206,legacy_3,0.9128999954555184
207,banded,4.640099999960512
207,continuous,6.291800003964454
207,smooth,6.0779999766964465
207,legacy_3,0.9218000050168484
207,thin_3,4.450499982340261
208,continuous,6.4356999937444925
208,smooth,6.31460000295192
208,legacy_3,0.9252000018022954
208,thin_3,4.303800000343472
208,banded,3.7315000081434846
209,smooth,3.7635999906342477
209,legacy_3,0.448200007667765
209,thin_3,2.687299973331392
209,banded,2.923499996541068
209,continuous,4.6824000019114465
210,legacy_3,0.6051000091247261
210,thin_3,2.5138999917544425
210,banded,2.8350999928079545
210,continuous,3.1583999807480723
210,smooth,3.390800004126504
211,thin_3,2.2391999955289066
211,banded,2.255600003991276
211,continuous,2.8221999818924814
211,smooth,2.7685000095516443
211,legacy_3,0.4340999876148999
212,banded,2.433400019071996
212,continuous,2.8501999913714826
212,smooth,2.8070999833289534
212,legacy_3,0.4278999986127019
212,thin_3,2.224199997726828
213,continuous,3.342200012411922
213,smooth,3.118199994787574
213,legacy_3,0.4336999845691025
213,thin_3,2.3702000034973025
213,banded,2.5345000030938536
214,smooth,3.0725999968126416
214,legacy_3,0.4324000037740916
214,thin_3,2.050199982477352
214,banded,2.3293000122066587
214,continuous,2.862599998479709
215,legacy_3,0.3968999953940511
215,thin_3,2.578699990408495
215,banded,2.832099999068305
215,continuous,3.04320000577718
215,smooth,3.0015000083949417
216,thin_3,2.2088000259827822
216,banded,2.4776000063866377
216,continuous,2.8821000014431775
216,smooth,3.0576999997720122
216,legacy_3,0.4372000112198293
217,banded,3.347300022142008
217,continuous,3.2854000164661556
217,smooth,2.813400002196431
217,legacy_3,0.4400000034365803
217,thin_3,1.9986999977845699
218,continuous,2.949999994598329
218,smooth,3.1248999875970185
218,legacy_3,0.4406000080052763
218,thin_3,2.232200000435114
218,banded,2.257700019981712
219,smooth,2.8159999928902835
219,legacy_3,0.47190001350827515
219,thin_3,3.7995000020600855
219,banded,3.3925999887287617
219,continuous,2.9910999874118716
220,legacy_3,0.4437000025063753
220,thin_3,2.2616999922320247
220,banded,2.571299992268905
220,continuous,3.190599993104115
220,smooth,3.0581000028178096
221,thin_3,2.0250999950803816
221,banded,2.394900016952306
221,continuous,2.9525000136345625
221,smooth,3.038599999854341
221,legacy_3,0.458399998024106
222,banded,2.5468999810982496
222,continuous,5.437299987534061
222,smooth,5.265699990559369
222,legacy_3,0.8396999910473824
222,thin_3,4.034799989312887
223,continuous,3.120999987004325
223,smooth,3.139700012980029
223,legacy_3,0.44720000005327165
223,thin_3,2.1994000126142055
223,banded,2.504599979147315
224,smooth,3.048499987926334
224,legacy_3,0.45039999531582
224,thin_3,2.1909000060986727
224,banded,2.4765999987721443
224,continuous,3.079100017203018
225,legacy_3,0.43830001959577203
225,thin_3,2.0004999823868275
225,banded,2.2954999876674265
225,continuous,3.8201000133994967
225,smooth,3.6376000207383186
226,thin_3,2.297500002896413
226,banded,2.867500006686896
226,continuous,4.213200008962303
226,smooth,3.6937000113539398
226,legacy_3,0.5550000059884042
227,banded,2.3327999806497246
227,continuous,2.942299994174391
227,smooth,2.924100001109764
227,legacy_3,0.4477999755181372
227,thin_3,3.8456000038422644
228,continuous,5.997599975671619
228,smooth,6.1150999972596765
228,legacy_3,0.9290000016335398
228,thin_3,3.8576000079046935
228,banded,3.876000002492219
229,smooth,6.391000002622604
229,legacy_3,0.7691000064369291
229,thin_3,3.439699998125434
229,banded,2.970200002891943
229,continuous,3.323000011732802
230,legacy_3,0.5331000138539821
230,thin_3,2.2228000161703676
230,banded,2.506099990569055
230,continuous,3.5542999976314604
230,smooth,4.261800000676885
231,thin_3,2.535500010708347
231,banded,2.5615000049583614
231,continuous,2.9987000161781907
231,smooth,3.2860000210348517
231,legacy_3,0.46290000318549573
232,banded,2.5369000213686377
232,continuous,3.208600013749674
232,smooth,3.1678999948780984
232,legacy_3,0.4470999992918223
232,thin_3,2.1745000267401338
233,continuous,3.3836000075098127
233,smooth,6.157099996926263
233,legacy_3,0.9073999826796353
233,thin_3,4.479600000195205
233,banded,4.79750000522472
234,smooth,3.6251999845262617
234,legacy_3,0.5122000002302229
234,thin_3,2.255900006275624
234,banded,2.977900003315881
234,continuous,3.4453000116627663
235,legacy_3,0.42630001553334296
235,thin_3,2.3350999981630594
235,banded,2.906200010329485
235,continuous,3.5281000018585473
235,smooth,4.680100013501942
236,thin_3,2.0253999973647296
236,banded,3.47590001183562
236,continuous,5.431300000054762
236,smooth,5.697500018868595
236,legacy_3,0.9298000077251345
237,banded,4.0216000052168965
237,continuous,3.9470000192523003
237,smooth,3.355000022565946
237,legacy_3,0.4329000075813383
237,thin_3,3.846100007649511
238,continuous,6.369100010488182
238,smooth,5.692900012945756
238,legacy_3,0.6700999801978469
238,thin_3,2.9064000118523836
238,banded,2.7476000250317156
239,smooth,2.9568999889306724
239,legacy_3,0.5372000159695745
239,thin_3,2.273799997055903
239,banded,2.6108000020030886
239,continuous,3.2580000115558505
240,legacy_3,0.40550000267103314
240,thin_3,2.195999986724928
240,banded,2.3295999853871763
240,continuous,3.145599999697879
240,smooth,3.0368999869097024
241,thin_3,2.2372000094037503
241,banded,2.6562999992165715
241,continuous,4.809900012332946
241,smooth,6.1240000068210065
241,legacy_3,0.8783999946899712
242,banded,4.878999985521659
242,continuous,4.716299998108298
242,smooth,4.915199999231845
242,legacy_3,0.5889000021852553
242,thin_3,2.626300003612414
243,continuous,3.104600007645786
243,smooth,5.219400016358122
243,legacy_3,0.8583000162616372
243,thin_3,4.209099977742881
243,banded,4.7882999933790416
244,smooth,6.355799996526912
244,legacy_3,0.9477999992668629
244,thin_3,4.287099989596754
244,banded,4.902699991362169
244,continuous,6.03309998405166
245,legacy_3,0.8978999976534396
245,thin_3,5.034799978602678
245,banded,5.571699992287904
245,continuous,6.655599980149418
245,smooth,6.560099980561063
246,thin_3,4.385100008221343
246,banded,4.0407999767921865
246,continuous,6.68799999402836
246,smooth,6.427299987990409
246,legacy_3,0.7440999906975776
247,banded,3.6154999979771674
247,continuous,6.127600005129352
247,smooth,6.319200008874759
247,legacy_3,0.7832999981474131
247,thin_3,3.693500009831041
248,continuous,3.9308000123128295
248,smooth,3.2105999998748302
248,legacy_3,0.427200022386387
248,thin_3,2.5880000030156225
248,banded,2.8417000139597803
249,smooth,3.3107000053860247
249,legacy_3,0.42990001384168863
249,thin_3,2.5007999793160707
249,banded,2.7329000004101545
249,continuous,5.320600001141429
250,legacy_3,0.46060001477599144
250,thin_3,2.0078000088687986
250,banded,2.271600009407848
250,continuous,2.7719000063370913
250,smooth,2.758299990091473
251,thin_3,2.348599984543398
251,banded,2.2886999940965325
251,continuous,2.8476000006776303
251,smooth,2.8253999771550298
251,legacy_3,0.4264000162947923
252,banded,2.5098999904002994
252,continuous,3.0771000019740313
252,smooth,4.122300015296787
252,legacy_3,0.54369997815229
252,thin_3,2.6031000015791506
253,continuous,2.972600021166727
253,smooth,3.1626000127289444
253,legacy_3,0.4152999899815768
253,thin_3,2.284899994265288
253,banded,2.562399982707575
254,smooth,3.510499984258786
254,legacy_3,0.43390001519583166
254,thin_3,2.3962999985087663
254,banded,2.587900002254173
254,continuous,3.151799988700077
255,legacy_3,0.40389999048784375
255,thin_3,4.323500004829839
255,banded,4.933899996103719
255,continuous,5.985499999951571
255,smooth,6.851400015875697
256,thin_3,2.6390999846626073
256,banded,2.8919999895151705
256,continuous,3.0374999914783984
256,smooth,3.3648000098764896
256,legacy_3,0.6125000072643161
257,banded,3.1808000057935715
257,continuous,3.1980999920051545
257,smooth,3.447099996265024
257,legacy_3,0.4372000112198293
257,thin_3,2.4516000121366233
258,continuous,3.0313000024762005
258,smooth,3.131899982690811
258,legacy_3,0.44579998939298093
258,thin_3,2.1791000035591424
258,banded,2.332500007469207
259,smooth,2.9128000023774803
259,legacy_3,0.5010000022593886
259,thin_3,3.2417000038549304
259,banded,4.395199997816235
259,continuous,5.482200009282678
260,legacy_3,0.902900006622076
260,thin_3,3.580299991881475
260,banded,52.97230000724085
260,continuous,4.196099995169789
260,smooth,6.456700008129701
261,thin_3,4.655500000808388
261,banded,3.8463000091724098
261,continuous,3.6256999883335084
261,smooth,5.124099989188835
261,legacy_3,0.8800999785307795
262,banded,3.552900016075
262,continuous,3.73810000019148
262,smooth,3.219400008674711
262,legacy_3,0.41220002458430827
262,thin_3,1.9909999973606318
263,continuous,3.044199984287843
263,smooth,2.993900008732453
263,legacy_3,0.4388000234030187
263,thin_3,2.101199992466718
263,banded,3.0366999853868037
264,smooth,3.5374999861232936
264,legacy_3,0.4839000175707042
264,thin_3,2.213100000517443
264,banded,2.5477000162936747
264,continuous,3.1242000113707036
265,legacy_3,0.4182000120636076
265,thin_3,2.19569998444058
265,banded,2.5797999987844378
265,continuous,3.1823999888729304
265,smooth,3.4811999939847738
266,thin_3,2.007300005061552
266,banded,2.490399987436831
266,continuous,3.0820000101812184
266,smooth,2.9637999832630157
266,legacy_3,0.4344999906606972
267,banded,2.8043999918736517
267,continuous,3.130299999611452
267,smooth,3.0891000060364604
267,legacy_3,0.4118999931961298
267,thin_3,2.2899000032339245
268,continuous,3.482700005406514
268,smooth,3.3634999999776483
268,legacy_3,0.42529997881501913
268,thin_3,2.8546999965328723
268,banded,2.4985999916680157
269,smooth,3.04320000577718
269,legacy_3,0.43250000453554094
269,thin_3,2.257199987070635
269,banded,2.4748999858275056
269,continuous,3.0559000151697546
270,legacy_3,0.43929999810643494
270,thin_3,2.2621999960392714
270,banded,2.450300002237782
270,continuous,2.9882000235375017
270,smooth,4.733100009616464
271,thin_3,2.5556000182405114
271,banded,2.8352000226732343
271,continuous,3.3737000194378197
271,smooth,3.228099987609312
271,legacy_3,0.43569999979808927
272,banded,2.3489999875891954
272,continuous,2.8098000038880855
272,smooth,2.7932999946642667
272,legacy_3,0.4378999874461442
272,thin_3,1.947999990079552
273,continuous,2.970500005176291
273,smooth,3.513800009386614
273,legacy_3,0.4243000003043562
273,thin_3,2.269199991133064
273,banded,2.4671999854035676
274,smooth,2.796400018269196
274,legacy_3,0.4175999783910811
274,thin_3,2.198400004999712
274,banded,2.490699989721179
274,continuous,3.2497000065632164
275,legacy_3,0.4014000005554408
275,thin_3,2.220499998657033
275,banded,2.2286000021267682
275,continuous,2.7285999967716634
275,smooth,2.772199979517609
276,thin_3,1.9306999747641385
276,banded,4.621300002327189
276,continuous,5.6887999817263335
276,smooth,5.644399992888793
276,legacy_3,0.9790999756660312
277,banded,4.2246000084560364
277,continuous,4.015899990918115
277,smooth,3.3032999781426042
277,legacy_3,0.4273999948054552
277,thin_3,2.3991999914869666
278,continuous,6.442599988076836
278,smooth,6.627099995967001
278,legacy_3,0.9378000104334205
278,thin_3,4.993500013370067
278,banded,4.430300003150478
279,smooth,3.603699995437637
279,legacy_3,0.47870000707916915
279,thin_3,3.0023000144865364
279,banded,2.2954999876674265
279,continuous,2.9012000013608485
280,legacy_3,0.4200999974273145
280,thin_3,2.1946000051684678
280,banded,2.4486999900545925
280,continuous,2.983799990033731
280,smooth,3.0023999861441553
281,thin_3,2.1744999976363033
281,banded,3.055899986065924
281,continuous,4.088399989996105
281,smooth,3.4300999832339585
281,legacy_3,0.4490000137593597
282,banded,2.265799994347617
282,continuous,2.866299997549504
282,smooth,3.3149999799206853
282,legacy_3,0.4363000043667853
282,thin_3,1.95720000192523
283,continuous,2.7975999983027577
283,smooth,2.8156999906059355
283,legacy_3,0.42699999175965786
283,thin_3,1.9509000121615827
283,banded,2.71290002274327
284,smooth,3.532000002451241
284,legacy_3,0.48160000005736947
284,thin_3,2.0773999858647585
284,banded,2.230999991297722
284,continuous,2.7516999980434775
285,legacy_3,0.4070999857503921
285,thin_3,1.9691000052262098
285,banded,3.7647999997716397
285,continuous,2.8340000135358423
285,smooth,2.7948999777436256
286,thin_3,2.0099999965168536
286,banded,2.2146999835968018
286,continuous,2.8634000045713037
286,smooth,3.129800024908036
286,legacy_3,0.44830000842921436
287,banded,3.291400003945455
287,continuous,2.7823999989777803
287,smooth,2.7627999952528626
287,legacy_3,0.42810000013560057
287,thin_3,1.9460999756120145
288,continuous,5.474999983562157
288,smooth,6.262799986870959
288,legacy_3,0.9103999764192849
288,thin_3,4.3920000025536865
288,banded,4.3018000142183155
289,smooth,4.7085999976843596
289,legacy_3,0.5104999872855842
289,thin_3,2.282600005855784
289,banded,2.4437000101897866
289,continuous,4.205399978673086
290,legacy_3,0.43459999142214656
290,thin_3,3.153600002406165
290,banded,3.7435000122059137
290,continuous,3.7438999861478806
290,smooth,2.7790000021923333
291,thin_3,1.9663000130094588
291,banded,2.1650000126101077
291,continuous,2.7298999775666744
291,smooth,2.7682000072672963
291,legacy_3,0.4214000073261559
292,banded,2.141200006008148
292,continuous,2.7256999746896327
292,smooth,3.0285000102594495
292,legacy_3,0.4126999992877245
292,thin_3,1.9753000233322382
293,continuous,2.7181000041309744
293,smooth,2.7339999796822667
293,legacy_3,0.40859999717213213
293,thin_3,1.9420000026002526
293,banded,2.1035999816376716
294,smooth,5.180499982088804
294,legacy_3,0.8703999919816852
294,thin_3,3.7468000082299113
294,banded,4.140800010645762
294,continuous,3.837100026430562
295,legacy_3,0.4288000054657459
295,thin_3,2.2587999992538244
295,banded,2.407899999525398
295,continuous,2.941999991890043
295,smooth,2.986800012877211
296,thin_3,2.155099995434284
296,banded,3.3657999883871526
296,continuous,5.519099999219179
296,smooth,5.405300005804747
296,legacy_3,0.9233999880962074
297,banded,4.293200006941333
297,continuous,4.452599998330697
297,smooth,3.4441000025253743
297,legacy_3,0.4865999799221754
297,thin_3,2.188200014643371
298,continuous,2.9144000145606697
298,smooth,2.9289000085555017
298,legacy_3,0.42520000715740025
298,thin_3,2.2508999973069876
298,banded,2.513100014766678
299,smooth,5.222200008574873
299,legacy_3,0.9972999978344887
299,thin_3,2.8195000195410103
299,banded,4.191200016066432
299,continuous,5.491799995070323
300,legacy_3,0.7748999923933297
300,thin_3,3.188600006978959
300,banded,3.6863000132143497
300,continuous,4.141700017498806
300,smooth,3.60029999865219
301,thin_3,2.4917999980971217
301,banded,3.0669000116176903
301,continuous,5.939299997407943
301,smooth,5.802400002721697
301,legacy_3,0.9182000067085028
302,banded,5.302200006553903
302,continuous,5.302800011122599
302,smooth,4.8325000097975135
302,legacy_3,0.5983999872114509
302,thin_3,2.7245999954175204
303,continuous,5.161600012797862
303,smooth,4.111000016564503
303,legacy_3,0.4868999822065234
303,thin_3,2.4215999874286354
303,banded,2.789699996355921
304,smooth,6.728699983796105
304,legacy_3,0.9694999898783863
304,thin_3,4.310699994675815
304,banded,4.79150001774542
304,continuous,5.461499997181818
305,legacy_3,0.6736000068485737
305,thin_3,2.939199999673292
305,banded,2.744800003711134
305,continuous,5.388099991250783
305,smooth,5.2847000188194215
306,thin_3,3.739900013897568
306,banded,3.4883000189438462
306,continuous,5.389200028730556
306,smooth,6.366999994497746
306,legacy_3,0.7662999851163477
307,banded,3.8708999927621335
307,continuous,6.280900008277968
307,smooth,6.214000022737309
307,legacy_3,0.8687000081408769
307,thin_3,3.1691999756731093
308,continuous,3.8914000033400953
308,smooth,2.9668999777641147
308,legacy_3,0.45739999040961266
308,thin_3,1.9715999951586127
308,banded,2.2569000138901174
309,smooth,2.8938000032212585
309,legacy_3,0.4445999802555889
309,thin_3,4.297300009056926
309,banded,2.3757999879308045
309,continuous,2.902699983678758
310,legacy_3,0.4434000002220273
310,thin_3,1.9683999998960644
310,banded,2.229700010502711
310,continuous,3.499099984765053
310,smooth,5.0771999813150615
311,thin_3,2.5154000031761825
311,banded,2.794600004563108
311,continuous,3.1481999903917313
311,smooth,3.2054999901447445
311,legacy_3,0.4230999911669642
312,banded,2.6375000015832484
312,continuous,3.1214000191539526
312,smooth,2.8369000065140426
312,legacy_3,0.41840001358650625
312,thin_3,2.041500003542751
313,continuous,5.219999991822988
313,smooth,5.940600007306784
313,legacy_3,0.970299995969981
313,thin_3,3.874300018651411
313,banded,4.466800019145012
314,smooth,4.922799998894334
314,legacy_3,0.6503000040538609
314,thin_3,2.620700019178912
314,banded,2.6815999881364405
314,continuous,4.605699999956414
315,legacy_3,1.1442000104580075
315,thin_3,3.739300009328872
315,banded,4.367700021248311
315,continuous,5.583499994827434
315,smooth,4.877600003965199
316,thin_3,2.0072000043001026
316,banded,2.2815999982412905
316,continuous,3.025999991223216
316,smooth,3.6706000100821257
316,legacy_3,0.4689999914262444
317,banded,2.3612999939359725
317,continuous,3.2282999891322106
317,smooth,3.1568999984301627
317,legacy_3,0.4474000015761703
317,thin_3,2.2440000029746443
318,continuous,3.510100010316819
318,smooth,3.264400002080947
318,legacy_3,0.44830000842921436
318,thin_3,2.3635999823454767
318,banded,2.8420000162441283
319,smooth,2.973299997393042
319,legacy_3,0.5270999972708523
319,thin_3,1.9671999907586724
319,banded,2.9747000080533326
319,continuous,3.232999995816499
320,legacy_3,0.44319999869912863
320,thin_3,2.445199992507696
320,banded,2.532799990149215
320,continuous,3.1703999848105013
320,smooth,3.478700004052371
321,thin_3,2.2308999905362725
321,banded,2.515200001653284
321,continuous,2.9363000066950917
321,smooth,2.9443000094033778
321,legacy_3,0.44669999624602497
322,banded,2.4807000008877367
322,continuous,3.7773000076413155
322,smooth,3.562400001101196
322,legacy_3,0.44150001485832036
322,thin_3,2.022899978328496
323,continuous,3.3103000023402274
323,smooth,3.5091000027023256
323,legacy_3,0.5009000014979392
323,thin_3,2.598299994133413
323,banded,2.561100001912564
324,smooth,3.2084000122267753
324,legacy_3,0.49149998812936246
324,thin_3,2.215099986642599
324,banded,2.517799992347136
324,continuous,6.5125999972224236
325,legacy_3,0.9691999875940382
325,thin_3,5.040199990617111
325,banded,5.72779998765327
325,continuous,5.905099998926744
325,smooth,7.341200020164251
326,thin_3,4.952199989929795
326,banded,5.364299984648824
326,continuous,4.66549998964183
326,smooth,6.420399993658066
326,legacy_3,0.6333999917842448
327,banded,3.3721000072546303
327,continuous,3.3254999725613743
327,smooth,5.466200003866106
327,legacy_3,0.980199984041974
327,thin_3,4.256199987139553
328,continuous,6.980999984079972
328,smooth,5.777599988505244
328,legacy_3,0.6110999966040254
328,thin_3,2.615599980344996
328,banded,3.1672999903094023
329,smooth,3.2839999767020345
329,legacy_3,0.8035000064410269
329,thin_3,4.270200006430969
329,banded,5.528999987291172
329,continuous,7.188100018538535
330,legacy_3,0.9888999920804054
330,thin_3,3.856900002574548
330,banded,5.336400005035102
330,continuous,6.693500006804243
330,smooth,5.783899978268892
331,thin_3,2.8554000018630177
331,banded,2.540499990573153
331,continuous,4.388400004245341
331,smooth,3.8117000076454133
331,legacy_3,0.5872999900020659
332,banded,2.7369000017642975
332,continuous,2.78539999271743
332,smooth,3.063100011786446
332,legacy_3,0.9866000036709011
332,thin_3,3.9711999997962266
333,continuous,5.868400010513142
333,smooth,6.096600001910701
333,legacy_3,0.44440000783652067
333,thin_3,2.577000006567687
333,banded,2.900499996030703
334,smooth,3.0817000078968704
334,legacy_3,0.41849998524412513
334,thin_3,2.298600011272356
334,banded,2.5978999910876155
334,continuous,3.22839998989366
335,legacy_3,0.4907999827992171
335,thin_3,2.656800003023818
335,banded,2.898200007621199
335,continuous,3.431300021475181
335,smooth,3.3002000127453357
336,thin_3,3.9724000089336187
336,banded,4.674600000726059
336,continuous,5.851900001289323
336,smooth,5.0441000203136355
336,legacy_3,0.4717000119853765
337,banded,4.850600002100691
337,continuous,6.386000022757798
337,smooth,6.394399999408051
337,legacy_3,0.9348999883513898
337,thin_3,4.423799982760102
338,continuous,6.303100002696738
338,smooth,5.6640999973751605
338,legacy_3,0.6802999996580184
338,thin_3,2.8395999979693443
338,banded,2.8219999803695828
339,smooth,3.10700002592057
339,legacy_3,0.4324000037740916
339,thin_3,2.2391999955289066
339,banded,2.512500010197982
339,continuous,3.0635000148322433
340,legacy_3,0.4298000130802393
340,thin_3,2.2923999931663275
340,banded,2.8052999987266958
340,continuous,3.49209998967126
340,smooth,3.400099987629801
341,thin_3,2.067200024612248
341,banded,2.233700011856854
341,continuous,2.836899977410212
341,smooth,3.1426000059582293
341,legacy_3,0.4675000091083348
342,banded,2.6279999874532223
342,continuous,3.272400004789233
342,smooth,3.017399983946234
342,legacy_3,0.4710000066552311
342,thin_3,2.2560999786946923
343,continuous,3.493199998047203
343,smooth,3.6761999945156276
343,legacy_3,0.5061999836470932
343,thin_3,2.417400013655424
343,banded,3.09070001821965
344,smooth,3.4881999890785664
344,legacy_3,0.440500007243827
344,thin_3,2.4727999989409
344,banded,2.4969999794848263
344,continuous,3.5889999999199063
345,legacy_3,0.5203000036999583
345,thin_3,2.295699989190325
345,banded,2.6704999909270555
345,continuous,3.174500016029924
345,smooth,3.028400009498
346,thin_3,2.369199995882809
346,banded,2.592100005131215
346,continuous,3.254299983382225
346,smooth,3.412699996260926
346,legacy_3,0.5412000173237175
347,banded,3.4195999905932695
347,continuous,3.725499991560355
347,smooth,3.194199991412461
347,legacy_3,0.4975000047124922
347,thin_3,2.190100000007078
348,continuous,2.959400007966906
348,smooth,3.3515000250190496
348,legacy_3,0.47400000039488077
348,thin_3,2.0499000092968345
348,banded,2.2869999811518937
349,smooth,3.2365999941248447
349,legacy_3,0.45239998144097626
349,thin_3,2.5271000049542636
349,banded,2.91129999095574
349,continuous,3.197599988197908
350,legacy_3,0.44850000995211303
350,thin_3,2.2695999941788614
350,banded,2.841000008629635
350,continuous,3.193800017470494
350,smooth,6.858599983388558
351,thin_3,4.360799997812137
351,banded,4.435600014403462
351,continuous,6.611399992834777
351,smooth,5.165299982763827
351,legacy_3,0.5952999927103519
352,banded,3.491999988909811
352,continuous,5.728299991460517
352,smooth,4.411699977936223
352,legacy_3,0.5155999970156699
352,thin_3,2.58840000606142
353,continuous,4.349700000602752
353,smooth,3.457599988905713
353,legacy_3,0.44689999776892364
353,thin_3,2.517999993870035
353,banded,2.6113000058103353
354,smooth,3.224699990823865
354,legacy_3,0.45720001799054444
354,thin_3,2.439800009597093
354,banded,2.5929999828804284
354,continuous,3.263000020524487
355,legacy_3,0.4535999905783683
355,thin_3,2.3222999880090356
355,banded,2.9681000160053372
355,continuous,3.322700009448454
355,smooth,3.4336000098846853
356,thin_3,2.291200013132766
356,banded,2.453399996738881
356,continuous,2.9974000062793493
356,smooth,3.1596999906469136
356,legacy_3,0.8068000024650246
357,banded,4.645300010452047
357,continuous,6.472400011261925
357,smooth,5.864400009158999
357,legacy_3,0.9570999827701598
357,thin_3,3.9742999942973256
358,continuous,4.934900003718212
358,smooth,6.483400007709861
358,legacy_3,0.8769000123720616
358,thin_3,3.6106999905314296
358,banded,3.154899983201176
359,smooth,3.0076999973971397
359,legacy_3,0.41530001908540726
359,thin_3,2.4392999766860157
359,banded,4.607199982274324
359,continuous,5.036699993070215
360,legacy_3,0.4324000037740916
360,thin_3,2.286300004925579
360,banded,2.3061000101733953
360,continuous,2.9171000060159713
360,smooth,3.1116000027395785
361,thin_3,1.9623999833129346
361,banded,2.7578000153880566
361,continuous,3.148600022541359
361,smooth,3.185000008670613
361,legacy_3,0.45009999303147197
362,banded,2.4753999896347523
362,continuous,3.128999989712611
362,smooth,3.0362999823410064
362,legacy_3,0.44850000995211303
362,thin_3,2.0976999949198216
363,continuous,2.9389999981503934
363,smooth,3.254500014008954
363,legacy_3,0.43200000072829425
363,thin_3,2.0914000051561743
363,banded,2.5572000013198704
364,smooth,3.1535000016447157
364,legacy_3,0.4327000060584396
364,thin_3,2.219999994849786
364,banded,2.2957999899517745
364,continuous,6.080599996494129
365,legacy_3,0.9203000226989388
365,thin_3,4.725500009953976
365,banded,5.392200022470206
365,continuous,5.849200009834021
365,smooth,4.504999989876524
366,thin_3,4.491800005780533
366,banded,4.614900011802092
366,continuous,4.555799998342991
366,smooth,3.6225000221747905
366,legacy_3,0.434600020525977
367,banded,2.6166999887209386
367,continuous,5.906300008064136
367,smooth,3.8745999918319285
367,legacy_3,0.47080000513233244
367,thin_3,2.3064000124577433
368,continuous,3.177300008246675
368,smooth,3.5755000135395676
368,legacy_3,0.43569999979808927
368,thin_3,2.5000000023283064
368,banded,2.512100007152185
369,smooth,3.109800018137321
369,legacy_3,0.41489998693577945
369,thin_3,2.4049000057857484
369,banded,2.7325999981258065
369,continuous,3.111700003501028
370,legacy_3,0.41939999209716916
370,thin_3,2.097199991112575
370,banded,2.307599992491305
370,continuous,2.8928999963682145
370,smooth,3.143499983707443
371,thin_3,4.21220000134781
371,banded,4.2465000005904585
371,continuous,5.467300012242049
371,smooth,4.1040999931283295
371,legacy_3,0.4697999975178391
372,banded,2.691500005312264
372,continuous,3.1678999948780984
372,smooth,3.4605999826453626
372,legacy_3,0.5073999927844852
372,thin_3,2.5070999981835485
373,continuous,4.107200016733259
373,smooth,2.9787999810650945
373,legacy_3,0.4292000085115433
373,thin_3,1.958799985004589
373,banded,2.2708000033162534
374,smooth,3.162500011967495
374,legacy_3,0.4865000082645565
374,thin_3,3.4706000005826354
374,banded,2.9510000022128224
374,continuous,3.5413000150583684
375,legacy_3,0.45560000580735505
375,thin_3,2.692199981538579
375,banded,4.066699999384582
375,continuous,3.9849999884609133
375,smooth,3.392999991774559
376,thin_3,1.9777999841608107
376,banded,2.278400002978742
376,continuous,2.890999981900677
376,smooth,2.8485000075306743
376,legacy_3,0.4307999915909022
377,banded,2.5024000206030905
377,continuous,3.2455000036861748
377,smooth,3.103199996985495
377,legacy_3,0.44720000005327165
377,thin_3,2.2250000038184226
378,continuous,2.9424999956972897
378,smooth,3.0026999884285033
378,legacy_3,0.4422000201884657
378,thin_3,1.9542000081855804
378,banded,2.2764999885112047
379,smooth,2.8999999922234565
379,legacy_3,0.4267999902367592
379,thin_3,1.9218999950680882
379,banded,2.2324000019580126
379,continuous,2.889700001105666
380,legacy_3,0.4228999896440655
380,thin_3,2.191600011428818
380,banded,2.488000027369708
380,continuous,3.1457000004593283
380,smooth,3.1026999931782484
381,thin_3,2.1675000025425106
381,banded,2.4720999936107546
381,continuous,3.109999990556389
381,smooth,3.0411999905481935
381,legacy_3,0.43009998626075685
382,banded,2.237599983345717
382,continuous,2.846599993063137
382,smooth,3.5180000122636557
382,legacy_3,0.4353000258561224
382,thin_3,2.0443000248633325
383,continuous,2.913999982411042
383,smooth,2.9135000077076256
383,legacy_3,0.4183999844826758
383,thin_3,1.9441999902483076
383,banded,2.3105000145733356
384,smooth,3.165999980410561
384,legacy_3,0.4241999995429069
384,thin_3,2.169799990952015
384,banded,2.508100005798042
384,continuous,3.0852000054437667
385,legacy_3,0.5189999938011169
385,thin_3,2.206400007707998
385,banded,2.9251000087242573
385,continuous,3.1393999815918505
385,smooth,3.0587000073865056
386,thin_3,1.9308000046294183
386,banded,2.224800002295524
386,continuous,2.771399973426014
386,smooth,2.813099999912083
386,legacy_3,0.42639998719096184
387,banded,2.4302999954670668
387,continuous,3.0079999996814877
387,smooth,3.0021999846212566
387,legacy_3,0.41909998981282115
387,thin_3,2.136600000085309
388,continuous,3.0063999874982983
388,smooth,3.048699989449233
388,legacy_3,0.4282000008970499
388,thin_3,2.137700008461252
388,banded,2.418999996734783
389,smooth,3.011799999512732
389,legacy_3,0.4622999986167997
389,thin_3,2.148200001101941
389,banded,2.447200007736683
389,continuous,3.78989998716861
390,legacy_3,0.5041999975219369
390,thin_3,2.3324000067077577
390,banded,2.51580000622198
390,continuous,3.0160000023897737
390,smooth,3.0024000152479857
391,thin_3,2.2662999981548637
391,banded,2.4763999972492456
391,continuous,3.0445999873336405
391,smooth,3.0073999951127917
391,legacy_3,0.40580000495538116
392,banded,2.2268999891821295
392,continuous,2.9158999968785793
392,smooth,3.2060000230558217
392,legacy_3,0.42359999497421086
392,thin_3,1.955600018845871
393,continuous,3.045999997993931
393,smooth,3.0274000018835068
393,legacy_3,0.42710002162493765
393,thin_3,2.188899990869686
393,banded,3.2513999904040247
394,smooth,2.876900020055473
394,legacy_3,0.5153999954927713
394,thin_3,1.9567999988794327
394,banded,2.2385999909602106
394,continuous,2.7812999906018376
395,legacy_3,0.41069998405873775
395,thin_3,1.9417000003159046
395,banded,2.2570000146515667
395,continuous,3.850600012810901
395,smooth,2.800700021907687
396,thin_3,1.934700005222112
396,banded,2.219999994849786
396,continuous,2.7151999820489436
396,smooth,5.216399993514642
396,legacy_3,0.8184000034816563
397,banded,4.56629999098368
397,continuous,5.699000001186505
397,smooth,3.6834999918937683
397,legacy_3,0.523599999723956
397,thin_3,2.0496999786701053
398,continuous,3.058500005863607
398,smooth,3.089900012128055
398,legacy_3,0.42639998719096184
398,thin_3,2.4234000011347234
398,banded,4.387499997392297
399,smooth,5.916200025239959
399,legacy_3,0.9866000036709011
399,thin_3,3.9554999966640025
399,banded,3.895900008501485
399,continuous,3.765500005101785
400,legacy_3,0.40530000114813447
400,thin_3,4.534000006970018
400,banded,4.761199990753084
400,continuous,5.321200005710125
400,smooth,4.628199996659532
401,thin_3,3.6917999968864024
401,banded,3.9883999852463603
401,continuous,3.6154999979771674
401,smooth,3.0953999958001077
401,legacy_3,0.42899997788481414
402,banded,3.3694999874569476
402,continuous,3.107700002146885
402,smooth,4.821999988052994
402,legacy_3,0.7713999948464334
402,thin_3,2.5764000019989908
403,continuous,3.292799985501915
403,smooth,2.901100000599399
403,legacy_3,0.4044999950565398
403,thin_3,1.9523000228218734
403,banded,3.4404000034555793
404,smooth,3.035200003068894
404,legacy_3,0.46710000606253743
404,thin_3,2.0531999762170017
404,banded,2.3785000084899366
404,continuous,3.0303999956231564
405,legacy_3,0.4245000018272549
405,thin_3,2.3520000104326755
405,banded,2.2578000207431614
405,continuous,2.730000007431954
405,smooth,2.7600000030361116
406,thin_3,1.9589000148698688
406,banded,2.1915000106673688
406,continuous,2.7240999916102737
406,smooth,2.8489000105764717
406,legacy_3,0.4200999974273145
407,banded,2.225499978521839
407,continuous,2.746500016655773
407,smooth,2.7396000223234296
407,legacy_3,0.4290000069886446
407,thin_3,1.945199997862801
408,continuous,2.725400001509115
408,smooth,2.741300006164238
408,legacy_3,0.4310999938752502
408,thin_3,1.9283999863546342
408,banded,2.194100001361221
409,smooth,2.7680000057443976
409,legacy_3,0.4327000060584396
409,thin_3,1.9298999977763742
409,banded,2.1782000258099288
409,continuous,3.2580000115558505
410,legacy_3,0.6304999988060445
410,thin_3,2.2396999993361533
410,banded,2.3114000214263797
410,continuous,2.7569999801926315
410,smooth,2.7452000067569315
411,thin_3,1.956299995072186
411,banded,2.1627999958582222
411,continuous,2.6920000091195107
411,smooth,2.7381000109016895
411,legacy_3,0.41680000140331686
412,banded,2.192500018281862
412,continuous,2.7512000233400613
412,smooth,2.7282000228296965
412,legacy_3,0.4343999898992479
412,thin_3,2.2007999941706657
413,continuous,2.9711999814026058
413,smooth,2.78100001742132
413,legacy_3,0.47270001959986985
413,thin_3,1.9290999916847795
413,banded,2.148999978089705
414,smooth,2.7316999912727624
414,legacy_3,0.41599999531172216
414,thin_3,1.9244999857619405
414,banded,3.1821999873500317
414,continuous,2.72170000243932
415,legacy_3,0.4104000108782202
415,thin_3,3.251499991165474
415,banded,2.3757999879308045
415,continuous,2.973099995870143
415,smooth,2.9458999924827367
416,thin_3,1.9512000144459307
416,banded,2.1624999935738742
416,continuous,2.745499979937449
416,smooth,2.7723000093828887
416,legacy_3,0.42070000199601054
417,banded,2.1825000003445894
417,continuous,4.12040000082925
417,smooth,2.780799986794591
417,legacy_3,0.4253000079188496
417,thin_3,1.9515000167302787
418,continuous,2.7076000114902854
418,smooth,2.7205999940633774
418,legacy_3,0.4209000035189092
418,thin_3,2.4295000184793025
418,banded,4.403500002808869
419,smooth,5.2167999965604395
419,legacy_3,0.8396000193897635
419,thin_3,4.008799995062873
419,banded,4.356799996457994
419,continuous,4.421999998157844
420,legacy_3,0.575500016566366
420,thin_3,3.657400025986135
420,banded,4.200600000331178
420,continuous,4.005999973742291
420,smooth,5.26999999419786
421,thin_3,3.965899988543242
421,banded,5.039799987571314
421,continuous,5.274299997836351
421,smooth,6.546899996465072
421,legacy_3,0.9352000197395682
422,banded,4.381700011435896
422,continuous,4.028800001833588
422,smooth,5.459500011056662
422,legacy_3,0.6010999786667526
422,thin_3,2.5501000054646283
423,continuous,3.045399993425235
423,smooth,3.1233000045176595
423,legacy_3,0.4459999909158796
423,thin_3,2.3388999979943037
423,banded,2.758399990852922
424,smooth,3.3730999857652932
424,legacy_3,0.4456999886315316
424,thin_3,2.4839999969117343
424,banded,2.48170000850223
424,continuous,3.058200003579259
425,legacy_3,0.47959998482838273
425,thin_3,3.2801000052131712
425,banded,2.888199989683926
425,continuous,4.1837999888230115
425,smooth,3.195400000549853
426,thin_3,2.52909999107942
426,banded,2.880600019125268
426,continuous,3.03880000137724
426,smooth,4.32330000330694
426,legacy_3,0.4189999890513718
427,banded,2.5563000235706568
427,continuous,2.884000015910715
427,smooth,2.9076999926473945
427,legacy_3,0.4226999881211668
427,thin_3,2.2348999918904155
428,continuous,6.000900000799447
428,smooth,5.478500010212883
428,legacy_3,0.8968999900389463
428,thin_3,3.732999990461394
428,banded,3.154500009259209
429,smooth,3.5900000075343996
429,legacy_3,0.43750001350417733
429,thin_3,2.2852999973110855
429,banded,2.4452999932691455
429,continuous,2.864199981559068
430,legacy_3,0.42440000106580555
430,thin_3,4.047199996421114
430,banded,3.554800001438707
430,continuous,3.8238000124692917
430,smooth,3.124799986835569
431,thin_3,2.07129999762401
431,banded,2.3154999944381416
431,continuous,2.8646000137086958
431,smooth,2.8426000208128244
431,legacy_3,0.42810000013560057
432,banded,2.2733999940101057
432,continuous,2.826599986292422
432,smooth,2.8510999982245266
432,legacy_3,0.41429998236708343
432,thin_3,1.9227000011596829
433,continuous,2.8105999808758497
433,smooth,2.8399000002536923
433,legacy_3,0.4940000071655959
433,thin_3,1.940299989655614
433,banded,2.2174999758135527
434,smooth,2.927800000179559
434,legacy_3,0.5038999952375889
434,thin_3,1.9694999791681767
434,banded,2.9894000035710633
434,continuous,2.911199990194291
435,legacy_3,0.45110000064596534
435,thin_3,1.95720000192523
435,banded,2.251600002637133
435,continuous,3.7514999858103693
435,smooth,3.35139999515377
436,thin_3,2.6148000033572316
436,banded,2.355399978114292
436,continuous,2.9359000036492944
436,smooth,4.460500000277534
436,legacy_3,0.441400014096871
437,banded,2.3326000082306564
437,continuous,2.9955999925732613
437,smooth,2.8628000000026077
437,legacy_3,0.49530001706443727
437,thin_3,1.9845000060740858
438,continuous,4.262900009052828
438,smooth,5.915099987760186
438,legacy_3,0.8880000095814466
438,thin_3,3.8161999837029725
438,banded,4.533999977866188
439,smooth,4.877800005488098
439,legacy_3,0.6135999865364283
439,thin_3,2.4089000071398914
439,banded,2.5077999744098634
439,continuous,2.880700019886717
440,legacy_3,0.4344999906606972
440,thin_3,2.279600012116134
440,banded,2.613999997265637
440,continuous,3.2020000217016786
440,smooth,3.377599990926683
441,thin_3,2.1590999967884272
441,banded,2.5606999988667667
441,continuous,3.184600005624816
441,smooth,3.070500009926036
441,legacy_3,0.4245000018272549
442,banded,2.677000011317432
442,continuous,3.385299991350621
442,smooth,3.472399985184893
442,legacy_3,0.444200006313622
442,thin_3,2.517099987016991
443,continuous,6.462599994847551
443,smooth,6.409499997971579
443,legacy_3,0.9574000141583383
443,thin_3,4.030999989481643
443,banded,3.368699981365353
444,smooth,3.4746000019367784
444,legacy_3,0.4751000087708235
444,thin_3,4.052299977047369
444,banded,4.168499988736585
444,continuous,4.282899986719713
445,legacy_3,0.5238000012468547
445,thin_3,2.391200017882511
445,banded,2.8463000198826194
445,continuous,3.415900020627305
445,smooth,3.3375999773852527
446,thin_3,2.47129998751916
446,banded,2.75869999313727
446,continuous,3.4750000049825758
446,smooth,3.407400014111772
446,legacy_3,0.44159998651593924
447,banded,2.6582999853417277
447,continuous,3.3014999935403466
447,smooth,3.289399988716468
447,legacy_3,0.44319999869912863
447,thin_3,2.688400010811165
448,continuous,6.5085999958682805
448,smooth,6.298899999819696
448,legacy_3,0.9246999979950488
448,thin_3,4.794299980858341
448,banded,3.882499993778765
449,smooth,3.985100018326193
449,legacy_3,0.47709999489597976
449,thin_3,2.4458999978378415
449,banded,2.654900017660111
449,continuous,3.2343000057153404
450,legacy_3,0.4369999805931002
450,thin_3,2.5068999966606498
450,banded,2.4265999963972718
450,continuous,3.2831999997142702
450,smooth,6.057699996745214
451,thin_3,3.6720000207424164
451,banded,4.14400000590831
451,continuous,4.04469997738488
451,smooth,3.180700005032122
451,legacy_3,0.4160999960731715
452,banded,2.421400015009567
452,continuous,2.9753999842796475
452,smooth,4.739800002425909
452,legacy_3,0.5543000006582588
452,thin_3,2.547200012486428
453,continuous,3.398200002266094
453,smooth,3.09810001635924
453,legacy_3,0.4304999893065542
453,thin_3,2.5114000018220395
453,banded,2.7753000031225383
454,smooth,3.8725999766029418
454,legacy_3,0.4354999982751906
454,thin_3,2.037800004472956
454,banded,2.4753999896347523
454,continuous,3.07730000349693
455,legacy_3,0.5005999992135912
455,thin_3,2.451200009090826
455,banded,3.171700023813173
455,continuous,3.112600010354072
455,smooth,3.2447999983560294
456,thin_3,2.233400009572506
456,banded,2.4982999893836677
456,continuous,3.034900000784546
456,smooth,3.022800025064498
456,legacy_3,0.4358000005595386
457,banded,2.5927999813575298
457,continuous,2.8517000027932227
457,smooth,3.073600004427135
457,legacy_3,0.4338999860920012
457,thin_3,2.007900009630248
458,continuous,3.102899994701147
458,smooth,3.056399989873171
458,legacy_3,0.44180001714266837
458,thin_3,2.217400004155934
458,banded,2.407899999525398
459,smooth,2.8602000093087554
459,legacy_3,0.4391999973449856
459,thin_3,2.208899997640401
459,banded,2.4388000019825995
459,continuous,2.953600022010505
460,legacy_3,0.44880001223646104
460,thin_3,2.465700003085658
460,banded,2.493900014087558
460,continuous,3.0772000027354807
460,smooth,3.271699999459088
461,thin_3,2.8842000174336135
461,banded,2.656000026036054
461,continuous,2.861600019969046
461,smooth,2.8682000120170414
461,legacy_3,0.4194999928586185
462,banded,2.5645999994594604
462,continuous,2.89060000795871
462,smooth,2.946599997812882
462,legacy_3,0.42320002103224397
462,thin_3,2.11419997503981
463,continuous,3.083799994783476
463,smooth,3.2958000083453953
463,legacy_3,0.4157000221312046
463,thin_3,3.2210000208579004
463,banded,2.9360000044107437
464,smooth,3.21359999361448
464,legacy_3,0.4366000066511333
464,thin_3,2.1970999951008707
464,banded,2.487299992935732
464,continuous,3.1864999909885228
465,legacy_3,0.4895000020042062
465,thin_3,1.953800005139783
465,banded,2.299999992828816
465,continuous,2.904099994339049
465,smooth,2.8288000030443072
466,thin_3,2.2099000052548945
466,banded,2.506699995137751
466,continuous,4.360699997050688
466,smooth,3.4804000169970095
466,legacy_3,0.46889999066479504
467,banded,3.1721999985165894
467,continuous,3.2445999968331307
467,smooth,3.1490999972447753
467,legacy_3,0.5388999998103827
467,thin_3,1.9905999943148345
468,continuous,2.9580999980680645
468,smooth,2.92169998283498
468,legacy_3,0.4458000184968114
468,thin_3,1.966499985428527
468,banded,2.2428999945987016
469,smooth,3.195099998265505
469,legacy_3,0.45670001418329775
469,thin_3,2.355900011025369
469,banded,2.5547999830450863
469,continuous,3.28619999345392
470,legacy_3,0.47450000420212746
470,thin_3,2.5288000178989023
470,banded,2.4994999985210598
470,continuous,4.452299996046349
470,smooth,3.2223000016529113
471,thin_3,2.1434999944176525
471,banded,2.305799978785217
471,continuous,3.2743999909143895
471,smooth,5.919999995967373
471,legacy_3,0.9255000040866435
472,banded,4.743800003780052
472,continuous,5.9695999952964485
472,smooth,5.443000001832843
472,legacy_3,0.5938999820500612
472,thin_3,2.6014000177383423
473,continuous,3.3279999915976077
473,smooth,4.881500004557893
473,legacy_3,0.5833999894093722
473,thin_3,2.7052999939769506
473,banded,2.858299994841218
474,smooth,3.24770002043806
474,legacy_3,0.44450000859797
474,thin_3,2.4554000119678676
474,banded,2.605999994557351
474,continuous,3.2322000188287348
475,legacy_3,0.44139998499304056
475,thin_3,2.3790000122971833
475,banded,2.83719997969456
475,continuous,3.1657000072300434
475,smooth,3.50099999923259
476,thin_3,3.184400004101917
476,banded,2.5363999884575605
476,continuous,3.205399989383295
476,smooth,2.97359999967739
476,legacy_3,0.43719998211599886
477,banded,2.3784000077284873
477,continuous,4.598800005624071
477,smooth,3.4845999907702208
477,legacy_3,0.5105999880470335
477,thin_3,1.9950999994762242
478,continuous,3.0608000233769417
478,smooth,3.461700020125136
478,legacy_3,1.0559000074863434
478,thin_3,4.102000006241724
478,banded,4.528499994194135
479,smooth,5.526700027985498
479,legacy_3,0.9028000058606267
479,thin_3,3.6109999928157777
479,banded,3.620300005422905
479,continuous,3.5266999911982566
480,legacy_3,0.4290999786462635
480,thin_3,2.424500009510666
480,banded,2.7709999994840473
480,continuous,3.3178000012412667
480,smooth,3.377800021553412
481,thin_3,2.5129000132437795
481,banded,2.83880002098158
481,continuous,5.735200014896691
481,smooth,5.721300025470555
481,legacy_3,0.8702999912202358
482,banded,3.9705999952275306
482,continuous,4.823399998713285
482,smooth,5.0722000014502555
482,legacy_3,0.7019999902695417
482,thin_3,3.1848000071477145
483,continuous,3.419399989070371
483,smooth,5.499599996255711
483,legacy_3,0.8359999919775873
483,thin_3,3.7808999768458307
483,banded,4.414900002302602
484,smooth,5.575099989073351
484,legacy_3,0.7935999892652035
484,thin_3,3.275499999290332
484,banded,3.1829000217840075
484,continuous,3.4484000061638653
485,legacy_3,0.4344999906606972
485,thin_3,4.370000009657815
485,banded,3.969299985328689
485,continuous,3.8933999894652516
485,smooth,3.507600020384416
486,thin_3,2.3117999953683466
486,banded,2.5682999985292554
486,continuous,4.207399993902072
486,smooth,3.344700002344325
486,legacy_3,0.3971000260207802
487,banded,2.5606999988667667
487,continuous,2.8452999831642956
487,smooth,3.1931000121403486
487,legacy_3,0.39250002009794116
487,thin_3,2.861900022253394
488,continuous,3.462199994828552
488,smooth,3.254899987950921
488,legacy_3,0.39450000622309744
488,thin_3,2.510999998776242
488,banded,3.6613999982364476
489,smooth,3.142200002912432
489,legacy_3,0.395399983972311
489,thin_3,2.34100001398474
489,banded,2.4938000133261085
489,continuous,3.0163999763317406
490,legacy_3,0.4262999864295125
490,thin_3,2.858599997125566
490,banded,2.5385000044479966
490,continuous,2.960499987239018
490,smooth,3.1439999875146896
491,thin_3,2.045599976554513
491,banded,2.435500005958602
491,continuous,2.8734999941661954
491,smooth,3.097099979640916
491,legacy_3,0.41710000368766487
492,banded,2.802200004225597
492,continuous,3.0984999903012067
492,smooth,4.514100000960752
492,legacy_3,0.8643000037409365
492,thin_3,4.063300002599135
493,continuous,5.462600005557761
493,smooth,5.4250000102911144
493,legacy_3,0.8111000061035156
493,thin_3,3.2190999772865325
493,banded,3.1343000009655952
494,smooth,3.457200014963746
494,legacy_3,0.4056000034324825
494,thin_3,2.2468999959528446
494,banded,4.5264000073075294
494,continuous,6.318700005067512
495,legacy_3,0.9082999895326793
495,thin_3,5.058699985966086
495,banded,5.099200003314763
495,continuous,4.526600008830428
495,smooth,3.608900005929172
496,thin_3,3.7635999906342477
496,banded,4.111299989745021
496,continuous,4.844499984756112
496,smooth,4.529099998762831
496,legacy_3,0.645000021904707
497,banded,5.102900002384558
497,continuous,5.390899983467534
497,smooth,4.204500000923872
497,legacy_3,0.45739999040961266
497,thin_3,3.9358999929390848
498,continuous,5.552499991608784
498,smooth,5.413399980170652
498,legacy_3,0.7883000071160495
498,thin_3,3.2060999947134405
498,banded,3.0011000053491443
499,smooth,4.623499989975244
499,legacy_3,0.5692999984603375
499,thin_3,2.4566999927628785
499,banded,2.675600000657141
499,continuous,5.603699974017218
500,legacy_3,0.9213000012096018
500,thin_3,3.929700003936887
500,banded,4.687100008595735
500,continuous,5.997800006298348
500,smooth,6.2104999960865825
501,thin_3,4.441500001121312
501,banded,5.3635000076610595
501,continuous,6.025300011970103
501,smooth,6.35609999881126
501,legacy_3,0.9649999847169966
502,banded,4.898799990769476
502,continuous,5.851200025063008
502,smooth,6.002500012982637
502,legacy_3,0.7408999954350293
502,thin_3,3.393299994058907
503,continuous,3.959299996495247
503,smooth,6.288899981882423
503,legacy_3,0.9405000018887222
503,thin_3,2.6342000055592507
503,banded,2.510599995730445
504,smooth,3.11140000121668
504,legacy_3,0.41769997915253043
504,thin_3,2.522299997508526
504,banded,2.522299997508526
504,continuous,4.377100005513057
505,legacy_3,0.43330001062713563
505,thin_3,2.39280000096187
505,banded,2.505100012058392
505,continuous,4.287099989596754
505,smooth,3.3608000085223466
506,thin_3,2.8914999857079238
506,banded,2.5298999971710145
506,continuous,3.1430999806616455
506,smooth,5.405400006566197
506,legacy_3,0.4180999821983278
507,banded,2.5385999761056155
507,continuous,3.118199994787574
507,smooth,3.3346000127494335
507,legacy_3,0.43100002221763134
507,thin_3,2.401499979896471
508,continuous,3.0541000014636666
508,smooth,4.135399998631328
508,legacy_3,0.4261000140104443
508,thin_3,2.3846000258345157
508,banded,2.4608999956399202
509,smooth,3.07429998065345
509,legacy_3,0.42440000106580555
509,thin_3,2.33650000882335
509,banded,3.959500027121976
509,continuous,4.27450001006946
510,legacy_3,0.46820001443848014
510,thin_3,3.2592999923508614
510,banded,2.932199975475669
510,continuous,3.8215999957174063
510,smooth,3.244399995310232
511,thin_3,2.1643000072799623
511,banded,2.443500008666888
511,continuous,3.0478000117000192
511,smooth,5.447400006232783
511,legacy_3,0.8732000133022666
512,banded,4.133600014029071
512,continuous,5.309000000124797
512,smooth,5.43160000233911
512,legacy_3,0.8716000011190772
512,thin_3,3.0226000235415995
513,continuous,3.854000009596348
513,smooth,3.568899992387742
513,legacy_3,0.42130000656470656
513,thin_3,4.477300011785701
513,banded,5.079800001112744
514,smooth,5.750500014983118
514,legacy_3,0.8972999930847436
514,thin_3,4.288600001018494
514,banded,4.152299981797114
514,continuous,4.157899995334446
515,legacy_3,0.5047000013291836
515,thin_3,4.183500015642494
515,banded,4.7113999899011105
515,continuous,5.698499997379258
515,smooth,4.868700023507699
516,thin_3,2.8119999915361404
516,banded,2.4756999919191003
516,continuous,2.762099989922717
516,smooth,2.7208999963477254
516,legacy_3,0.42139997822232544
517,banded,2.214799984358251
517,continuous,4.116700001759455
517,smooth,3.886999998940155
517,legacy_3,0.5539000267162919
517,thin_3,2.397700009169057
518,continuous,3.1648000003769994
518,smooth,4.182500008028001
518,legacy_3,0.4253000079188496
518,thin_3,2.2379000147338957
518,banded,2.786600001854822
519,smooth,3.0732999730389565
519,legacy_3,0.4335000121500343
519,thin_3,2.1970999951008707
519,banded,2.268899988848716
519,continuous,3.383400005986914
520,legacy_3,0.4794999840669334
520,thin_3,2.2166999988257885
520,banded,2.4332999892067164
520,continuous,3.039400005945936
520,smooth,2.9449999856296927
521,thin_3,3.466800000751391
521,banded,4.190200008451939
521,continuous,5.287600011797622
521,smooth,5.846300016855821
521,legacy_3,0.8466000144835562
522,banded,4.419299977598712
522,continuous,5.622399999992922
522,smooth,6.351200019707903
522,legacy_3,0.9083000186365098
522,thin_3,3.944600000977516
523,continuous,5.272699985653162
523,smooth,4.50710000586696
523,legacy_3,0.5196000274736434
523,thin_3,4.325500020058826
523,banded,4.622400010703132
524,smooth,5.990700010443106
524,legacy_3,0.9316999930888414
524,thin_3,4.159800009801984
524,banded,4.008899995824322
524,continuous,6.030599994119257
525,legacy_3,1.0010000260081142
525,thin_3,4.098500008694828
525,banded,3.4434999979566783
525,continuous,3.51429998409003
525,smooth,3.7176000187173486
526,thin_3,2.0164999878033996
526,banded,2.6052999892272055
526,continuous,2.7765000122599304
526,smooth,2.8125000244472176
526,legacy_3,0.40740001713857055
527,banded,2.4747000134084374
527,continuous,3.8733999826945364
527,smooth,5.425199982710183
527,legacy_3,1.0162999969907105
527,thin_3,3.5619999980553985
528,continuous,5.185200017876923
528,smooth,3.9009000174701214
528,legacy_3,0.522399990586564
528,thin_3,2.1690999856218696
528,banded,2.3247000062838197
529,smooth,2.825000003213063
529,legacy_3,0.4194999928586185
529,thin_3,2.0511999900918454
529,banded,2.74389999685809
529,continuous,3.337500005727634
530,legacy_3,0.46159999328665435
530,thin_3,2.1754000044893473
530,banded,2.2844999912194908
530,continuous,2.7840999828185886
530,smooth,3.046300000278279
531,thin_3,3.2955000060610473
531,banded,3.3115000114776194
531,continuous,3.945700009353459
531,smooth,3.2179000263568014
531,legacy_3,0.4831000114791095
532,banded,2.236800006357953
532,continuous,2.806300006341189
532,smooth,2.796600019792095
532,legacy_3,0.43080002069473267
532,thin_3,1.9594000186771154
533,continuous,2.741900010732934
533,smooth,2.7215000009164214
533,legacy_3,0.42440000106580555
533,thin_3,2.0149000047240406
533,banded,3.4790999779943377
534,smooth,3.1833999964874238
534,legacy_3,0.4591000033542514
534,thin_3,2.233700011856854
534,banded,2.4235000018961728
534,continuous,2.7286999975331128
535,legacy_3,0.43119999463669956
535,thin_3,2.8759999840985984
535,banded,2.5304000009782612
535,continuous,2.969399996800348
535,smooth,2.984099992318079
536,thin_3,1.9938999903388321
536,banded,2.203600015491247
536,continuous,3.555300005245954
536,smooth,2.9931000026408583
536,legacy_3,0.40580000495538116
537,banded,2.5387000059708953
537,continuous,3.6028999893460423
537,smooth,2.9477999778464437
537,legacy_3,0.4230000195093453
537,thin_3,2.922500018030405
538,continuous,3.040000010514632
538,smooth,3.6238000029698014
538,legacy_3,0.4264000162947923
538,thin_3,2.2477000020444393
538,banded,2.4039999989327043
539,smooth,2.7823999989777803
539,legacy_3,0.4318999999668449
539,thin_3,2.2268000175245106
539,banded,2.5807999772951007
539,continuous,3.0159000016283244
540,legacy_3,0.43819998973049223
540,thin_3,2.002399996854365
540,banded,2.6279999874532223
540,continuous,3.0073999951127917
540,smooth,2.9328000091481954
541,thin_3,3.691699996124953
541,banded,2.8297000098973513
541,continuous,3.0346999992616475
541,smooth,5.917800008319318
541,legacy_3,0.8888000156730413
542,banded,4.42260000272654
542,continuous,5.510199989657849
542,smooth,5.93829998979345
542,legacy_3,0.6936999852769077
542,thin_3,3.0732000013813376
543,continuous,3.974600025685504
543,smooth,5.882400000700727
543,legacy_3,0.9030999790411443
543,thin_3,4.187600017758086
543,banded,4.4760000018868595
544,smooth,5.50859997747466
544,legacy_3,0.743500015232712
544,thin_3,3.71590000577271
544,banded,4.896099999314174
544,continuous,5.9352999960538
545,legacy_3,0.8096999954432249
545,thin_3,3.521599981468171
545,banded,3.243600018322468
545,continuous,3.1026999931782484
545,smooth,3.7351000064518303
546,thin_3,2.5271000049542636
546,banded,2.35130000510253
546,continuous,3.571799985365942
546,smooth,3.448000003118068
546,legacy_3,0.4312999953981489
547,banded,2.5021000183187425
547,continuous,3.1629000150132924
547,smooth,2.9534999921452254
547,legacy_3,0.43620000360533595
547,thin_3,2.2324000019580126
548,continuous,2.914399985456839
548,smooth,2.91730000753887
548,legacy_3,0.44720000005327165
548,thin_3,2.775200002361089
548,banded,3.1581999792251736
549,smooth,3.2955000060610473
549,legacy_3,0.4831999831367284
549,thin_3,1.9869999960064888
549,banded,2.2510999988298863
549,continuous,2.828199998475611
550,legacy_3,0.8966000168584287
550,thin_3,2.4997000000439584
550,banded,2.891100011765957
550,continuous,2.9055000049993396
550,smooth,2.905600005760789
551,thin_3,2.2398000000976026
551,banded,2.816199994413182
551,continuous,3.16909997491166
551,smooth,4.212900006677955
551,legacy_3,0.4898000042885542
552,banded,2.365099993767217
552,continuous,2.8476000006776303
552,smooth,3.3233999856747687
552,legacy_3,0.4358000005595386
552,thin_3,3.0953999958001077
553,continuous,3.1368999916594476
553,smooth,3.2284000189974904
553,legacy_3,0.514900020789355
553,thin_3,2.258300024550408
553,banded,3.1472000118810683
554,smooth,3.143100009765476
554,legacy_3,0.5056999798398465
554,thin_3,2.1089999936521053
554,banded,2.3222000163514167
554,continuous,2.957000018795952
555,legacy_3,0.48439999227412045
555,thin_3,2.04459999804385
555,banded,3.703700000187382
555,continuous,3.2030000002123415
555,smooth,2.8885000210721046
556,thin_3,1.9681999983731657
556,banded,2.2692999918945134
556,continuous,2.9081999964546412
556,smooth,3.0716999899595976
556,legacy_3,0.42830000165849924
557,banded,2.460499992594123
557,continuous,3.3112000091932714
557,smooth,3.021699987584725
557,legacy_3,0.5108999903313816
557,thin_3,2.229700010502711
558,continuous,4.288800002541393
558,smooth,3.3933999948203564
558,legacy_3,0.4361999745015055
558,thin_3,2.3720000172033906
558,banded,2.519099973142147
559,smooth,3.208199981600046
559,legacy_3,0.4416000156197697
559,thin_3,2.8695999935735017
559,banded,2.2830999805592
559,continuous,2.9744000057689846
560,legacy_3,0.44850000995211303
560,thin_3,2.3748000094201416
560,banded,2.510200021788478
560,continuous,4.288000025553629
560,smooth,3.3976999984588474
561,thin_3,2.0210999937262386
561,banded,2.2933000000193715
561,continuous,2.9445000109262764
561,smooth,4.461499978788197
561,legacy_3,0.909399997908622
562,banded,4.313399986131117
562,continuous,5.530499998712912
562,smooth,5.977199994958937
562,legacy_3,0.8486000006087124
562,thin_3,3.4721999836619943
563,continuous,5.916299996897578
563,smooth,5.93379998463206
563,legacy_3,0.7503999804612249
563,thin_3,3.192300006048754
563,banded,2.7766999846789986
564,smooth,3.253000002587214
564,legacy_3,0.4994999908376485
564,thin_3,2.250699995784089
564,banded,2.6391000137664378
564,continuous,3.1763000006321818
565,legacy_3,0.45140000293031335
565,thin_3,2.2184000117704272
565,banded,2.7689999842550606
565,continuous,3.2016999903135
565,smooth,3.4784000017680228
566,thin_3,2.187999984016642
566,banded,2.890300005674362
566,continuous,3.331100015202537
566,smooth,3.5238999989815056
566,legacy_3,1.1356000031810254
567,banded,4.262999980710447
567,continuous,4.107899992959574
567,smooth,3.4451000101398677
567,legacy_3,0.44499998330138624
567,thin_3,2.335600001970306
568,continuous,6.759200012311339
568,smooth,6.281600013608113
568,legacy_3,0.9366000012960285
568,thin_3,4.390699992654845
568,banded,4.531299986410886
569,smooth,4.098000004887581
569,legacy_3,0.46209999709390104
569,thin_3,2.658099983818829
569,banded,2.9802999924868345
569,continuous,3.5678000131156296
570,legacy_3,0.46030001249164343
570,thin_3,2.5667999871075153
570,banded,4.232799983583391
570,continuous,5.554100003791973
570,smooth,6.028800009516999
571,thin_3,3.9773000171408057
571,banded,4.575099999783561
571,continuous,5.091600003652275
571,smooth,4.060300008859485
571,legacy_3,0.5118999979458749
572,banded,4.593200021190569
572,continuous,4.271900019375607
572,smooth,3.003499994520098
572,legacy_3,0.4110000154469162
572,thin_3,2.24459997843951
573,continuous,3.282499994384125
573,smooth,3.0196000006981194
573,legacy_3,0.4293000092729926
573,thin_3,2.5412999966647476
573,banded,2.6071999745909125
574,smooth,2.899899991462007
574,legacy_3,0.40839999564923346
574,thin_3,2.1938999998383224
574,banded,2.224500000011176
574,continuous,3.842700010864064
575,legacy_3,0.9665000252425671
575,thin_3,4.489799990551546
575,banded,4.973500006599352
575,continuous,5.5914999975357205
575,smooth,3.9254000002983958
576,thin_3,3.473500022664666
576,banded,3.0229999974835664
576,continuous,3.2353999849874526
576,smooth,4.643699998268858
576,legacy_3,0.7201999833341688
577,banded,3.2565000001341105
577,continuous,3.143400012049824
577,smooth,2.9363000066950917
577,legacy_3,0.4428999964147806
577,thin_3,2.090099995257333
578,continuous,2.962200000183657
578,smooth,2.920799975981936
578,legacy_3,0.441100011812523
578,thin_3,2.1263999806251377
578,banded,2.5480999902356416
579,smooth,3.0872999923303723
579,legacy_3,0.42830000165849924
579,thin_3,2.355999982682988
579,banded,2.6052000175695866
579,continuous,3.1589000136591494
580,legacy_3,0.434300018241629
580,thin_3,2.6843999803531915
580,banded,2.8907000087201595
580,continuous,3.6370999878272414
580,smooth,3.718199994182214
581,thin_3,1.9728000042960048
581,banded,2.2363000025507063
581,continuous,2.825300005497411
581,smooth,2.765099983662367
581,legacy_3,0.43149999692104757
582,banded,3.4428999933879822
582,continuous,4.658300022128969
582,smooth,3.707700001541525
582,legacy_3,0.49929998931474984
582,thin_3,2.0767000096384436
583,continuous,3.13359999563545
583,smooth,3.5214999807067215
583,legacy_3,0.43829999049194157
583,thin_3,2.799400012008846
583,banded,2.8470999968703836
584,smooth,3.363099996931851
584,legacy_3,0.4434000002220273
584,thin_3,2.9027999844402075
584,banded,3.2256999984383583
584,continuous,3.1481000187341124
585,legacy_3,0.47560001257807016
585,thin_3,1.9757999980356544
585,banded,2.277499996125698
585,continuous,2.900699997553602
585,smooth,2.88620000355877
586,thin_3,2.218600013293326
586,banded,2.4910999927669764
586,continuous,3.5336999862920493
586,smooth,3.134500002488494
586,legacy_3,0.4534000181593001
587,banded,2.273499994771555
587,continuous,2.9095000063534826
587,smooth,3.846799983875826
587,legacy_3,0.5329000123310834
587,thin_3,2.031999989412725
588,continuous,3.061600000364706
588,smooth,2.971700014313683
588,legacy_3,0.4492000152822584
588,thin_3,1.97199999820441
588,banded,2.2557000047527254
589,smooth,3.131499979645014
589,legacy_3,0.4489000129979104
589,thin_3,2.17199997860007
589,banded,2.4550000089220703
589,continuous,3.1350999779533595
590,legacy_3,0.46999999904073775
590,thin_3,2.1979000011924654
590,banded,2.510500024072826
590,continuous,3.1546000100206584
590,smooth,3.21510000503622
591,thin_3,1.9817999855149537
591,banded,2.316500002052635
591,continuous,2.9338999884203076
591,smooth,2.9023000097367913
591,legacy_3,0.43349998304620385
592,banded,2.477499976521358
592,continuous,3.218800004106015
592,smooth,3.2075000053737313
592,legacy_3,0.44319999869912863
592,thin_3,2.195200009737164
593,continuous,3.171100019244477
593,smooth,3.230599977541715
593,legacy_3,0.44450000859797
593,thin_3,2.178399998228997
593,banded,2.507100027287379
594,smooth,3.8391000125557184
594,legacy_3,0.434600020525977
594,thin_3,2.198799978941679
594,banded,2.4910999927669764
594,continuous,3.135700011625886
595,legacy_3,0.437400012742728
595,thin_3,2.2296999813988805
595,banded,3.840899997157976
595,continuous,4.068800015375018
595,smooth,3.505899978335947
596,thin_3,1.988699979847297
596,banded,2.3224999895319343
596,continuous,5.456900020362809
596,smooth,5.658999987645075
596,legacy_3,0.908799993339926
597,banded,4.336400015745312
597,continuous,5.036100017605349
597,smooth,3.730199998244643
597,legacy_3,0.457199988886714
597,thin_3,2.35130000510253
598,continuous,5.645699973683804
598,smooth,5.614900001091883
598,legacy_3,0.68450000253506
598,thin_3,3.1470000103581697
598,banded,2.862999972421676
599,smooth,2.9249000072013587
599,legacy_3,0.43509999522939324
599,thin_3,1.9308000046294183
599,banded,2.2886999940965325
599,continuous,2.907199988840148
